1988.0,1989.0,1990.0,1991.0,1992.0,1993.0,1994.0,1995.0,1996.0,1997.0,1998.0,1999.0,2000.0,2001.0,2002.0,2003.0,2004.0,2005.0,2006.0,2007.0,2008.0,2009.0,2010.0,2011.0,2012.0,2013.0,2014.0,2015.0,2016.0,2017.0,2018.0,2019.0,2020.0,2021.0,2022.0,2023.0,Pressure_db
0.0,-0.3113722966569763,-0.5383585210674013,-0.21951783984395784,-0.5574244308847645,-0.13957414840384375,-0.31285755279051886,-0.5486042427432435,0.07013217192557791,-0.3725616180876278,-0.029278284326744675,-0.040612553549333345,-0.05755935042551134,0.02894777261091474,0.08589745947367962,0.09261183513955067,0.013009926642493163,0.054643380552566116,-0.012473766188571265,0.06375774781345134,0.15696940605595855,0.12644733555789464,0.18970269978370394,0.1913814937306058,0.14519685477312771,0.36715879202107826,0.38763510819938957,0.33119196386190786,0.18965409074780276,0.19341728457361398,0.19697727630192924,0.164093040888444,0.25074279872195093,0.051814697261487165,0.2644638378547632,0.5372920215113905,0.0
0.0,-0.278311629885248,-0.4948019010097103,-0.23587423022757878,-0.49833378826602687,-0.1651527729269379,-0.2816398213961813,-0.4928648455195191,0.013358836506058756,-0.3512939472514792,-0.060361500949620915,-0.024821987989687704,-0.03997385534811848,0.0338767694936586,0.07259698026289055,0.07512996299937763,0.005590729689220743,0.06170078276331246,-0.01231013062386195,0.07410536942684953,0.13842091158145528,0.10682758096562861,0.1911592719632719,0.18825116510098946,0.17388511026800066,0.35259521504155245,0.3739505703854433,0.3147382461260071,0.21293036653765923,0.19549033187497444,0.1706683965643205,0.16512627319849274,0.27609698542282846,0.08464776857066857,0.2816115117231024,0.5172493842209102,10.0
0.0,-0.2565815909813785,-0.4605526297890327,-0.23701086018400586,-0.4547953015006863,-0.1704949244401754,-0.25738882953656644,-0.45650310732475635,-0.01463916290787671,-0.32949778897239196,-0.0637938266522953,-0.0036908041730155995,-0.02111774359506686,0.045128164485016706,0.07463160040206676,0.07322290734237555,0.007781134750595384,0.07059208702456424,-0.0022062375419834423,0.08635071703170559,0.13780482797419685,0.10980929700507956,0.20292828382016345,0.19651455390752573,0.20032453234745834,0.35608147785955835,0.3753638854444912,0.31435755246768593,0.22981883980886145,0.20357481120163515,0.1670074154800399,0.17118330341823695,0.2883627190741926,0.10972725084274546,0.2986137221148257,0.5118026381034427,20.0
0.0,-0.2300986564865218,-0.4139600181432329,-0.22964754132666126,-0.3980236688945754,-0.16638520413270733,-0.22501298229739525,-0.4116432629660628,-0.039782587250704514,-0.296262783523855,-0.05422992328068335,0.029689677878608853,0.007193705969524879,0.06543063555812866,0.08599636992912961,0.07892544974293465,0.017100056412445556,0.08466849974604901,0.018134873671958242,0.10539332782689947,0.14651246159394604,0.12641119353908,0.22571288602135597,0.214599873310396,0.23767790770272737,0.3702919696619245,0.3852876095552892,0.32250068174436824,0.25132444630037476,0.21928258491112723,0.1743800089507555,0.1841778147473723,0.2998375434435157,0.1436927410186343,0.3245058306228164,0.512188922886373,30.0
0.0,-0.20163589930891332,-0.3610118192790261,-0.21591684271875153,-0.33518613209828924,-0.1546969298836152,-0.18910513801734546,-0.3621844509568964,-0.06024292812697591,-0.25665391956101613,-0.03670967802402565,0.06819000887810356,0.03967305380258268,0.09083131521772826,0.10307982449999364,0.08966724751016018,0.0317710208566993,0.10124532860898076,0.044087691579129805,0.12766564739128552,0.1609796345791147,0.15119897587052616,0.25422717522374183,0.23779629070850128,0.27919626193441416,0.39005963517471587,0.3999903489590947,0.3359419605599828,0.2744505456982086,0.2397872211189717,0.18958192725191836,0.20264832020966167,0.3104481657273485,0.18264130085683775,0.35568386199676605,0.5172618520891836,40.0
0.0,-0.17461893848390214,-0.3099831887668094,-0.20034597644984917,-0.27569432303218205,-0.1401210637047961,-0.15539568193872885,-0.3139194514817543,-0.07591701843363063,-0.21797622598119254,-0.01909516779865809,0.1029723348218652,0.06956092342184612,0.11552856915818184,0.1202363483278655,0.10105789928322004,0.04804721081970162,0.11675167313236247,0.06902764940586792,0.14837436180035632,0.17556473101900485,0.17592053921780515,0.2811879860530336,0.25951535118804725,0.31670001260500963,0.40832825549947216,0.41396726438612935,0.34952464438788305,0.2955576257189652,0.26060179804737,0.20657223933474383,0.22307586588398506,0.3203101713350646,0.220786721903235,0.38657882504170027,0.5240957280454631,50.0
0.0,-0.15237794166829768,-0.2692349272305397,-0.18918471250949742,-0.228666858798655,-0.12945673811335795,-0.12915383732340552,-0.27305687120441896,-0.08898631532628838,-0.18802075305004523,-0.010257250142620139,0.12577902796378498,0.09053512108756613,0.13325156991180478,0.13101238836995577,0.10775098874816891,0.060705575065342736,0.12763915006484308,0.08591446951543223,0.1627433775869241,0.18384801245468924,0.191534142383501,0.2992055089783074,0.27294312783413044,0.34290439141925966,0.41790645540256105,0.4213041289785829,0.3572852533371342,0.3113926111339717,0.27632265314164045,0.21775707676621364,0.24027651708561015,0.32970164972959387,0.25172655974880115,0.41090054467827586,0.5283021851379082,60.0
0.0,-0.1336282919068007,-0.2355890774344992,-0.1811522677721668,-0.1904941634645832,-0.12128311355155531,-0.107909313048739,-0.23766789707386163,-0.09987501241686816,-0.1640296813390015,-0.007170191973916284,0.14021842118261468,0.10533638444710337,0.14622555929095007,0.1374467272963117,0.11132370143916895,0.0708290906678,0.1352678637283719,0.09725574939008474,0.17257785910518275,0.18794554507636488,0.2012223922012049,0.3111812462805816,0.2805681397403805,0.3612016386484361,0.4217617718122162,0.42404670822073326,0.3610633142182919,0.3233306295621141,0.2885601890192773,0.22528857863710808,0.2552280747809372,0.3384312101190746,0.27743527956854247,0.4305585207421424,0.5307039666219909,70.0
0.0,-0.11742446104242116,-0.20682358311637628,-0.17498549874314684,-0.1585170131597279,-0.11430559314810854,-0.08984350964781157,-0.2061670848341656,-0.10846977485752994,-0.1439815435230705,-0.007377416643591791,0.14892382455778816,0.11597840358316391,0.1561316021925065,0.14114357066471855,0.1130563073608544,0.07937041526107015,0.14065419455796263,0.10497518305472849,0.17924749423769007,0.18952575616609735,0.20743204783568006,0.3192943316534201,0.28429336236820807,0.37405058145533193,0.4221395120856636,0.42379195915296725,0.36232996705732434,0.33237193604506193,0.2986040936351143,0.23092787723404412,0.26882411977964993,0.3463580545356931,0.29946228483382836,0.4470504657261515,0.5320743412607708,80.0
0.0,-0.10424491340661525,-0.1843546875708483,-0.17264486412603283,-0.13394866319912058,-0.11083924479196236,-0.07541608649672653,-0.17978894415406763,-0.11632877665147498,-0.12940102255239544,-0.012735235524971293,0.15097900487660873,0.12179211631600508,0.16167579398274948,0.14061974264010135,0.11149941595124616,0.08457138014392247,0.14326771681453698,0.10774464853740152,0.18194832543785078,0.18712688159718363,0.20839167701088684,0.3224282760352627,0.28292638761546296,0.3809304701724551,0.41790360343357724,0.41933483275617617,0.35966612179310753,0.3381726173816933,0.30503515774768064,0.23250525149976828,0.2791506599904264,0.35346429095222415,0.31627440268600177,0.45893677229710916,0.5307479442196394,90.0
0.0,-0.09289199913440463,-0.16509536327168137,-0.17178617474217084,-0.11331001155490332,-0.10843588146764604,-0.06263736666499455,-0.15619955558855164,-0.12249502057929976,-0.11741793113502054,-0.019675891460070066,0.14966604110828505,0.12526784384788686,0.16530406460311262,0.13842558123972457,0.10875749803578741,0.08832650379543246,0.1444548128664194,0.10827176119525309,0.182596843688161,0.18318521088111545,0.2074691545102556,0.32347567832436314,0.279148653763589,0.3847528134391141,0.4119912194682844,0.41304535392491376,0.3553986048850404,0.34196135847112086,0.30981463319734776,0.2328007532522387,0.28801375434874754,0.3596514518360314,0.33012397158942314,0.4685180316813144,0.5283067892545705,100.0
0.0,-0.08316312610045208,-0.14845053857007565,-0.17217396738320437,-0.09582050931120575,-0.1069423684303026,-0.051126823443575,-0.13501260673603183,-0.12704593401555417,-0.10752993502738306,-0.027487765101594962,0.14578706806597724,0.1269807816185388,0.16745225029002178,0.1350423537978736,0.10513396103659753,0.09079269184807492,0.144495818044422,0.10707029988313234,0.18160958234395624,0.17807188840949634,0.20522248026039291,0.3230562757919784,0.27350523994672443,0.3862859555190789,0.40503719070744176,0.4053714092837931,0.3499026282041005,0.3440202584811368,0.31315977479193174,0.23209526921766807,0.29550112827531544,0.3648972312206367,0.3412736352037155,0.47614227376398455,0.5248123533558451,110.0
0.0,-0.07498248872330612,-0.13417073565125232,-0.17393517178775894,-0.08108063043991606,-0.1066458639092977,-0.04072367786755928,-0.11618020744730999,-0.13034636612045483,-0.09953106062943805,-0.035940024778822445,0.13978926373832495,0.12728353100073342,0.1681586660358465,0.13053632464659246,0.100558475859355,0.09180388468604296,0.1435180393808551,0.10424572914551308,0.1791841342856907,0.17185197459228543,0.20170651021515096,0.32140404686632856,0.2662910359477499,0.3859550636020129,0.39714474805764305,0.39644551206872497,0.34320429727500945,0.3445487789169987,0.3149890290999232,0.23020203731117872,0.3013903133254808,0.3691916862475092,0.34974014251810387,0.4818556810301665,0.5201013203533148,120.0
0.0,-0.06757538865299549,-0.12015263530379544,-0.17437545532710524,-0.06693298981923138,-0.10468262853129194,-0.030610043055939118,-0.09790368029544101,-0.1306369900218831,-0.09112509857115737,-0.04201133648957747,0.1337175348723155,0.12756682089375873,0.16946891040775358,0.1269906107511874,0.0970648193112981,0.09359367955566367,0.14245409390520475,0.10187771579246334,0.1768776619601836,0.1667294823217074,0.19936991964986195,0.3203730647875866,0.2597187061324393,0.3851609186955884,0.39023685331251134,0.3883464879606364,0.33749462932634866,0.3443857567954487,0.31722223588645376,0.22985227109085338,0.30811561029025497,0.37276838820489155,0.3578259539963822,0.48771758467448945,0.5164627914662532,130.0
0.0,-0.06056101243381818,-0.10567375547554823,-0.1718080627856678,-0.05269027195950425,-0.09936661065765702,-0.02090368596393934,-0.07943625515405627,-0.12689368376248605,-0.08139100914705782,-0.044339506314411255,0.12832587918075866,0.12821205621852844,0.17245742904541753,0.1253506312856936,0.09577787988085631,0.09751311742539119,0.14168338003848277,0.10091995845811783,0.17553242793938328,0.1638459296320205,0.19913812798402145,0.32054365884793673,0.25491686391252855,0.3841846723138513,0.38500357059026696,0.38221250340464613,0.33399921571969693,0.34395421588503017,0.3209155622793069,0.23244593810699282,0.3172831897785737,0.37603448353345553,0.3669586554643963,0.4947884086503102,0.5155121610612489,140.0
0.0,-0.053893855752708934,-0.09101895213637423,-0.16581256437995345,-0.038683574525446685,-0.09035005431609577,-0.0122176786982366,-0.060933194038518275,-0.11917225421075767,-0.0705100470280415,-0.043108057244444414,0.12348604973276611,0.12895612869766881,0.1772614611548438,0.12553214347199418,0.09685745560563047,0.10385990988070003,0.14116699649281453,0.10134417866205445,0.17533078153930173,0.16331912025426903,0.20071944083949408,0.3215671213961709,0.2520415789940843,0.38268681855007125,0.38118650899276807,0.37826433845732876,0.332951236057294,0.3433782427063749,0.326238441068912,0.23803637812050116,0.3293816579687598,0.37939390482882174,0.37762209734452995,0.5031840719252874,0.5178629002727253,150.0
0.0,-0.048096970638093886,-0.07793735942882397,-0.15913702065009835,-0.02648282897538253,-0.08078929472855473,-0.005240448964362299,-0.044110023498002325,-0.11002286411991692,-0.060429057012947686,-0.041210050397953724,0.11790674388856896,0.12878050718156878,0.18200580473917072,0.1255857113428236,0.09825538573892677,0.11031908865288598,0.14018035619049582,0.1013273185178394,0.17501483349299668,0.16308004092344142,0.20179585459993019,0.3218980194312562,0.24929046374956954,0.37984556422713567,0.3770299357381984,0.3746538280981537,0.33227338440999404,0.3421549010621569,0.3312829337299518,0.24375964718376708,0.3418172792949504,0.3826734267394651,0.38772577057494906,0.5110232763956285,0.521137596639297,160.0
0.0,-0.043354164104522704,-0.06710646262751604,-0.15363127993852707,-0.01657521992921329,-0.07278074464846516,6.107628669496007e-5,-0.02980711688047292,-0.10124259037955849,-0.05210679740794633,-0.040238553931713224,0.11120121729258112,0.12739150557240292,0.18559858528912654,0.1244722298014481,0.09871080767990922,0.11540760316332185,0.13843203234798873,0.09999964278970834,0.17387256211606658,0.16193435564520667,0.2012762318459931,0.3209301626667751,0.24566279545098837,0.3756476941707269,0.3717707899065914,0.37025972960656567,0.33069124300789393,0.3400955894726751,0.3349384506983833,0.247927941030917,0.3527315203311876,0.38554009038622444,0.39591833589596526,0.5172233545860003,0.5235566576220289,170.0
0.0,-0.03933513315086137,-0.05785963962636931,-0.14838946843524684,-0.008279451287385598,-0.06531291195158777,0.0039126818342652145,-0.017387751858244038,-0.09245715593236288,-0.04494291396728758,-0.039401693784612446,0.10395743827527694,0.12522436684908822,0.1887424354742533,0.12282630330732575,0.0989047962543618,0.11993466918027211,0.13625229777627504,0.0980925882712959,0.1724412368631071,0.16061242593990732,0.1999421358578442,0.3191802945182793,0.2418686650171149,0.37057733283856026,0.36602970081577213,0.36577374509292876,0.3289659850994165,0.3375642074436759,0.3379381938595754,0.2514613346577069,0.3629774960069284,0.38814204607282227,0.4031250692483953,0.5224952211764894,0.5259323975488078,180.0
0.0,-0.0358550072899472,-0.0499154837685695,-0.1430765615590503,-0.0012867038692535584,-0.058005170683051194,0.006419894288714268,-0.006558900745810174,-0.0836635297188702,-0.03872017049077893,-0.0384800635807474,0.09640936356425593,0.12246986602330112,0.19172742047567193,0.12087739845788086,0.09909378747909225,0.12422795662731219,0.13379337719756032,0.0959165798928468,0.17095459132386973,0.15939617718201204,0.1980916913789739,0.3168362530900808,0.23819617242515845,0.36487735392779075,0.36004783222166153,0.36147224266174427,0.3274034236262893,0.3347617378639115,0.34060154949183613,0.25470432214910477,0.37288883838981207,0.39059124656588456,0.40976904140223824,0.5271402906151545,0.5285807123591092,190.0
0.0,-0.03277166855483549,-0.04310386750406492,-0.13762118526295208,0.004569778587766388,-0.05078070142074323,0.007687270215450434,0.0028389239758232097,-0.07501180428398424,-0.03337302841797649,-0.0374808265977845,0.0886372996217425,0.1192232030691775,0.19464965387296598,0.11868389174292696,0.09933741831435933,0.12838477792140662,0.13112799603330338,0.0935926631144927,0.1695001925690601,0.1583609969910058,0.195823399642104,0.3139640262831191,0.23473838951447443,0.358695397360085,0.3539083287299821,0.35743416131288974,0.32609180794488085,0.33180850073024754,0.34304994022605534,0.25774349655713213,0.3825473291827011,0.3929612216936716,0.4160323475441368,0.5312736148348981,0.531567743043172,200.0
0.0,-0.030120487684602012,-0.03759457254277667,-0.13310730334288456,0.00928673277960627,-0.04486508077429512,0.008055136330658038,0.010529070454331319,-0.06734592203144914,-0.02924328929688076,-0.03707308128583218,0.08052699865049516,0.11544584676095973,0.1968931231496526,0.11581252695895537,0.0989067850505146,0.13153112275353027,0.12811347698551356,0.09069442547512868,0.16763366351958522,0.15682417838444204,0.1926658696716199,0.31045798011935793,0.23091975691309477,0.352133844865961,0.3472776961464959,0.35294706703967627,0.3242476130167389,0.3285187000651229,0.34460276340432816,0.25966837231349515,0.39079821164662093,0.39490011958762966,0.42095642256322324,0.5343074395206603,0.5336786929692763,210.0
0.0,-0.02791911004299235,-0.03336871599910866,-0.13034639149875754,0.013068948733336309,-0.04117793469048507,0.007973549999891302,0.01644575105377655,-0.06118033740978342,-0.026426448809880855,-0.03757845105425326,0.07216476391797351,0.11124976143973216,0.19801771726077533,0.11209000963622658,0.09727368646765394,0.13299836829329284,0.12469476253215521,0.0869635353018255,0.1650359262666087,0.15427584366496458,0.18845044346581885,0.30640786531418845,0.2263372650855972,0.34540268542412267,0.3400367548700271,0.34746186088421965,0.3212372668129969,0.32472743130232645,0.3447410266256536,0.25986715802610943,0.39669870691606257,0.39600190203762253,0.4237475204533837,0.5358210852253519,0.5338691617398788,220.0
0.0,-0.026036923169572245,-0.030119559324014715,-0.1290869346151388,0.016266847154467634,-0.03945004803122962,0.007648340897777056,0.02089695267940492,-0.05626379527524661,-0.024631758675091833,-0.03867317415104086,0.06379611986775187,0.10681800188945098,0.1982114544470004,0.10779230496593711,0.09462039613010698,0.13300366188344928,0.12097312070639887,0.08263182662747581,0.16184721685602826,0.15089079929478738,0.18348956587261372,0.3020500382157465,0.22116927745215262,0.33867846756881015,0.3323918908936137,0.3411060977365737,0.3171987168331756,0.32048849037776367,0.343639683262804,0.25862224313979343,0.4004287190365749,0.39621056445680586,0.4245763563118656,0.5360092860624095,0.5322288285833674,230.0
0.0,-0.02438355870670729,-0.02764760598383501,-0.1292512208042511,0.019152269860771093,-0.039644588149166486,0.00726646160729155,0.02407516373067955,-0.05246158068726543,-0.023664998940901346,-0.04015952830676298,0.05561558607786906,0.10226480796829841,0.19753392913212395,0.10308481538903219,0.09099322912968498,0.13160737379538945,0.11700882279146134,0.07782570275186518,0.15809212588168176,0.14671471629732769,0.17793667766144802,0.2975428081437284,0.21547135094509376,0.332071044635484,0.32445121715155245,0.3338832712443851,0.31215270461352995,0.31578507381604926,0.34133015755097174,0.2560139759243421,0.4019694199871092,0.3954123365557453,0.4234057632478468,0.534929157089454,0.5286543819299312,240.0
0.0,-0.022866900817297964,-0.025749766349413804,-0.1305930891039422,0.021951586959105356,-0.0415071401986589,0.006922105264778459,0.026199934946497735,-0.0495350849538162,-0.023298027648957345,-0.04179636461167969,0.04778983061847995,0.09767567703812169,0.19614107756289564,0.0981719559284128,0.08658064414574475,0.12901560349571783,0.11288112982432907,0.07273990548147838,0.15387076973112102,0.14189350485401422,0.17197608941305917,0.29299582653593204,0.20937862515539776,0.3256384081114466,0.31633773624669875,0.3259394296429935,0.30626319507993044,0.31061531509835716,0.3379522146097167,0.2522567461783606,0.40150576045006,0.39359113634276405,0.4203671376851673,0.5327223190587513,0.5232725818391195,250.0
0.0,-0.021389356728521148,-0.024276453406762953,-0.13275723220754002,0.02482797681657084,-0.04466706785214648,0.006630113231532816,0.02748578738433684,-0.04721689438387992,-0.023336451805888295,-0.04335384866920018,0.04041610080536625,0.09310466705030135,0.1942333821841465,0.09322399697455948,0.08160940846039234,0.1255156980762336,0.1086439746750475,0.06757147649122665,0.1493296220921103,0.13662218870249682,0.1657881489541694,0.28849596368222163,0.20305793136306374,0.3193759167944826,0.3081722810614528,0.3174506450279076,0.29973118843943175,0.3050022020951722,0.33370184102708306,0.24764078159229885,0.39934899718883315,0.3908234000986799,0.4157190852663225,0.5295655130255422,0.516339206218386,260.0
0.0,-0.01989124376241467,-0.023145334392676856,-0.13560467556177702,0.027910780065632308,-0.049012709570959184,0.0064379434420320765,0.02807184378829595,-0.045363739877759435,-0.02366456509003716,-0.04473558366787859,0.03356432471090777,0.08853849150705582,0.19188208049477887,0.08829330000407576,0.07614686834613843,0.12122579418252304,0.10430234806207922,0.06240641585868741,0.14452598877364664,0.13096254588040074,0.15942962584554468,0.2840832323564104,0.19653682680611087,0.31324342573321196,0.29999593691904103,0.3084174241157242,0.2925875493909483,0.29891354359345035,0.328626430535541,0.24227797662187947,0.395582615198582,0.3870961250161077,0.40950871230556923,0.5254904034648313,0.507867841827903,270.0
0.0,-0.018314101669309336,-0.022258076222536744,-0.138855651549044,0.0312852723558953,-0.05422718922378179,0.0063220552359758144,0.028126162471135942,-0.043771976696360196,-0.02415739488308302,-0.045812151489059996,0.02725609662186409,0.083980811622505,0.18924247977259934,0.0834639878790223,0.07036956635858989,0.11639274461176363,0.09989139157054962,0.05737504187091764,0.1395962853449719,0.12507136991882692,0.15299588982903797,0.27976258284325356,0.18992791466249404,0.30720074100231054,0.29187385793808224,0.2989553946741245,0.28498964025612467,0.29240142146738657,0.3228819815199243,0.23640707066412994,0.39049324403451596,0.38248974711216394,0.40196495755117884,0.5206207602812594,0.49810313377654036,280.0
0.0,-0.01661063633542019,-0.021539675889813432,-0.1422303967858746,0.03499494299903957,-0.05998605333497071,0.00624481791174933,0.02778118326907217,-0.04225783302776216,-0.02472094313365399,-0.04651050704027503,0.02147725233464674,0.07943609483454736,0.1864539840536017,0.07878570990007451,0.0644378463472777,0.11125557657706285,0.09545053748449503,0.0525794366428877,0.13465533286750997,0.11909168280136206,0.14656356095246795,0.27550513497226153,0.18333851711237337,0.30119614894510033,0.2838527136344408,0.28919663532684087,0.2770989998897307,0.2855039647392803,0.31661972333691296,0.2302369428909686,0.38435827715297144,0.3771109042545427,0.39332500609922416,0.5150840742771415,0.4873110762752788,290.0
0.0,-0.014746224927271056,-0.020971270894079786,-0.14576970069031808,0.039122282629747776,-0.06638083423159391,0.006274654673750141,0.027046228341250398,-0.04079426062030505,-0.025326562400216586,-0.04686807515917421,0.016244572035267683,0.07490531527314967,0.18346393956245147,0.0742089810556353,0.05828540391903662,0.10577430349528198,0.09096797696669852,0.048010209423299366,0.12967254855060342,0.112959171045187,0.1400796865808741,0.2712905196053895,0.1766825715811955,0.29518350679300853,0.27587521160829653,0.2790232460489123,0.2687689749596041,0.2781298476754857,0.30973814854556364,0.22368086834247458,0.3770368366615806,0.37086288797024963,0.38343628061157975,0.5087926047457326,0.4753104971099657,300.0
0.0,-0.012681344241367173,-0.02054075779682252,-0.14958546356853275,0.04378474382740441,-0.07361005641390739,0.0065232423557597076,0.025901572662876,-0.03938276623082586,-0.0259466982750586,-0.04693350445318809,0.011612658730604635,0.07039701567976876,0.18016685700503965,0.06971734210307257,0.05179108867204203,0.0998341044680633,0.08640720499428277,0.04364752688858519,0.12458632118476262,0.10655692168565528,0.1334669170774314,0.2671089677911928,0.16983077340228891,0.28912271668170647,0.2678689253879482,0.26824772823648246,0.2597693847801063,0.2701427832653066,0.30206014795416314,0.21658091010477767,0.3682573823299821,0.363573971281146,0.3720167882623422,0.5015913377837852,0.46178004105215337,310.0
0.0,-0.010370548278099257,-0.020231619633068746,-0.15373006089542465,0.04911086931154631,-0.08182297720123662,0.007085611305244911,0.024344288835490006,-0.038008201418319176,-0.02655689681980104,-0.04672246526901479,0.007645574032641817,0.06591433795642378,0.17647978402428893,0.06532116141607948,0.04486966803098562,0.09335964497544552,0.08174348703220542,0.039503014132855965,0.11936713371765828,0.0998013740992185,0.12667599799060864,0.26294985193892856,0.16268001326037254,0.28297455000107913,0.2597880462795907,0.25672061757767267,0.2499199185141569,0.2614176184282144,0.2934363922096871,0.2088180719851446,0.35778883397550476,0.35508617427878086,0.3588251397026969,0.4933428089383537,0.44644562946988603,320.0
0.0,-0.007758045946996144,-0.020035368398128663,-0.15825199598924267,0.05525195659099348,-0.0911775498660702,0.008064406702454221,0.022371909123922132,-0.03664526441147215,-0.02712373701520544,-0.0462491451476351,0.004429038753981671,0.06147281543984586,0.17231459713200528,0.06104210101054277,0.03743572028200871,0.08627915655936857,0.07695905145719546,0.03560511651017264,0.1139966189227567,0.09260944587593521,0.11966723255790689,0.2588064272863833,0.15512305313884353,0.27670513416916415,0.2516009305956913,0.2442892740324708,0.23904834887103288,0.2518192879785443,0.2837029818908899,0.20026692596342527,0.3453698378546722,0.3452208593196685,0.34359344249465146,0.48389263890292206,0.4290048672750309,330.0
0.0,-0.0047825330235441565,-0.019936338813332056,-0.16312172949914283,0.062355068873749225,-0.10174159750613454,0.00952289826447967,0.019997357595115214,-0.03524676658363944,-0.02759202464085358,-0.04551001850025754,0.0020446687212878605,0.05710213428133867,0.16760011016982512,0.05693151146466375,0.02945499071481589,0.07859015688624899,0.0720598198607849,0.032014031608563163,0.1085023598470336,0.08494331715359503,0.11244067960932844,0.2546654293322491,0.14708621162898067,0.27028729290772385,0.2433074533560554,0.2308699503952943,0.2270389422342157,0.241246411494654,0.2727472404313244,0.1908584769074693,0.330824041752173,0.3338450999552279,0.3261432852651533,0.473125337199314,0.40923210682593786,340.0
0.0,-0.0013927113165666102,-0.019902318231505012,-0.16808163027711603,0.07047234770197675,-0.1132547291280095,0.011432987370048246,0.017289751959026198,-0.03369141187965126,-0.02790630328682003,-0.044471989660079675,0.0004618504857044165,0.05284086482934972,0.16237656966963074,0.05303019094530403,0.021057077023547234,0.0704795134204476,0.06711008328293426,0.028834189642982067,0.10298901791218604,0.07692633074605822,0.10508314362357682,0.25047264518482626,0.13861723282143446,0.2637042541852056,0.2349972369540449,0.21661997990537268,0.21400087684339472,0.2297498516455809,0.26067189442044464,0.18073462437783105,0.31434124974386607,0.32104780483250966,0.30667172075237065,0.4611060260105353,0.38729244896425263,350.0
0.0,0.002449890428964206,-0.01990223951603081,-0.17291217732117056,0.07964003581679138,-0.12548235147081413,0.013791922323891622,0.014307562246868485,-0.03189450989593808,-0.028023695044770175,-0.04313406644521663,-0.00035936994826685524,0.04874530715885614,0.15668828057194528,0.04937111072664804,0.012372755025301194,0.062091275605439526,0.06216791195624827,0.02610699155096197,0.09753949253396905,0.0686695888447739,0.09766465017008492,0.2461685760826343,0.12974256758163666,0.25697271433368885,0.2267616359680609,0.2016771991012377,0.20003928561187237,0.21739081209462277,0.24756170654629484,0.1700235638098595,0.2960958377176781,0.30692401286547877,0.28532886537041063,0.44785892045774445,0.3633242929239365,360.0
0.0,0.0067627010932386575,-0.019899076303682116,-0.17736715516780116,0.0898388531656555,-0.13810302785220097,0.01655823983669705,0.011087654092614972,-0.029767836994781187,-0.027905243569091066,-0.041502733304785384,-0.00048179403399839965,0.044851720381098754,0.15058097663260336,0.0459869074061182,0.0035643817130112383,0.05361001110397873,0.057286583746951045,0.02386964574674094,0.09224451271466058,0.06031198423839369,0.09027797180858063,0.24168742988925643,0.12055125393763504,0.250134198353565,0.21871041618357845,0.18623464276775398,0.18533230498934106,0.20428220744390085,0.23359426828683333,0.15887673692930893,0.27637687067493444,0.2916386971403857,0.2623785959033523,0.43347114670554576,0.33758953065767633,370.0
0.0,0.01150637672411834,-0.019845416534133926,-0.18104968506057603,0.10088840922005804,-0.15050531836968012,0.019605351591593784,0.0077075453056750735,-0.027211957073000975,-0.027540650682321234,-0.03961309498952832,-0.00011453760805673161,0.041184145852205055,0.1441920748258926,0.04288318405977554,-0.005066094841083657,0.0453818986397376,0.052555498935453415,0.022113760049499272,0.08725028762308935,0.05211077831957988,0.08307917613731568,0.2369094156071193,0.11124221571745685,0.24320304551773442,0.21098453764778724,0.17069536492048654,0.1702690060002473,0.19068581371878546,0.21917575027606317,0.1476025437732062,0.25585817862126053,0.27561137029629834,0.23849714264893182,0.4182262650498637,0.3108096123880249,380.0
0.0,0.01661817277695949,-0.019698850618696168,-0.18374296721886774,0.11262280115364832,-0.16228349277960236,0.02286827294652092,0.004200451246506311,-0.024213937870026285,-0.026939994009729514,-0.03752586275993999,0.0005641797504371155,0.03776532983292742,0.1375603372897889,0.040032521729411644,-0.013322516419003744,0.03760489630880808,0.04802966892260123,0.02079241235986312,0.08261641523035392,0.04423125792947953,0.0761681755790818,0.23174782560869933,0.10193966419872878,0.23618854630242767,0.20366791772961035,0.1553358957573107,0.15513551881418128,0.17680012611472617,0.204570940289262,0.13637361166710638,0.23502593361909715,0.2591583362397107,0.21417247547512883,0.40232556366872363,0.28350671007878686,390.0
0.0,0.022018485371606115,-0.019416486538731206,-0.1853255314045946,0.12486024080802328,-0.17311923299195484,0.02630414699808393,0.0005824533240740383,-0.02081057536700451,-0.026127021679588372,-0.03531157934466374,0.0013815538900116269,0.03461621587547092,0.1306817780843664,0.03739178150665511,-0.021053918636414714,0.030419928511047675,0.043758274490444636,0.019829026719481616,0.07838552130230289,0.0367986495400109,0.06961991742297477,0.2261399217284597,0.09274416249813605,0.22910789081077218,0.1968153918863606,0.14038412175921178,0.1401825228966187,0.1628108600047707,0.19001213809465617,0.1253073952317143,0.21429431497129875,0.24256993602887364,0.18983548567270656,0.38595602065467766,0.2561485715171361,400.0
0.0,0.027655933047232167,-0.018959971268163518,-0.18586671782177827,0.1375244492253274,-0.18298740462257534,0.029956439218370184,-0.0031694675633144316,-0.017092504131704905,-0.02510801489199836,-0.03302017319437322,0.0022833588468905504,0.031773430047594045,0.12344081960830044,0.03493451078565299,-0.028242161213520505,0.02381239959301596,0.03975877940998162,0.0191687978962964,0.07453212131687492,0.02982545377233922,0.06344649822050401,0.2200843719162869,0.08366009296664637,0.22198549955071364,0.19042386802824066,0.125869687674115,0.12545193759585038,0.14877399579968148,0.17554835663584456,0.1143673626781001,0.1937413901655747,0.22593241685666707,0.16557245525164133,0.3691544307423111,0.228841307137958,410.0
0.0,0.033457886194334326,-0.01829403360260559,-0.18536687606317145,0.15047691622983178,-0.19176613995625322,0.033802796124708163,-0.007030158995590882,-0.013099089590749471,-0.023910895214522103,-0.03070483977028048,0.003226469694314998,0.029268060115488773,0.11589116612887183,0.03266050184543319,-0.034823778682584176,0.017823314626182588,0.036059548976183575,0.018762937449454162,0.07105204898239206,0.023364244426331296,0.057683104988322485,0.21358576781379848,0.0747388682078516,0.2148510752179406,0.18450234957947703,0.11189323809500898,0.1110659240115506,0.1348051520955515,0.16130963627451592,0.10359055917227541,0.17357966434797098,0.20941933817217945,0.141613064660501,0.35204295451267353,0.2018515868706305,420.0
0.0,0.039260118049051974,-0.017405299203157705,-0.18366627494228535,0.16333358879449433,-0.1989749564718179,0.03767739493805516,-0.010909886325829756,-0.008856886395207743,-0.0226254588335832,-0.028454373478845805,0.003973336698927686,0.02707547234883019,0.10823256245721197,0.030524897294287374,-0.04058753478036596,0.012665496929576135,0.03271501210135332,0.01850183597516346,0.06799648195397179,0.017590072287855064,0.05242222450655927,0.2066039348877546,0.06617280518390609,0.20773341991903607,0.17909247785949706,0.09881723945972017,0.09743042722244676,0.12123662681365703,0.14770994021414272,0.09325580861712145,0.15452871814987088,0.193531697878555,0.11872471118660305,0.33502078180696643,0.17602673043563552,430.0
0.0,0.04489429360277484,-0.016296999566273673,-0.18073594665453646,0.1757363948390605,-0.20430731515313652,0.04143902917988525,-0.01473649012873359,-0.004433834003881398,-0.02135355323173966,-0.026352078927574452,0.004331107601362633,0.025155527334474247,0.10062311990881798,0.028473431009802395,-0.04541386971752236,0.00843929678825195,0.02974601424977516,0.01825242154479825,0.06535869847478623,0.012597238307798582,0.04770099832820965,0.19913278558194966,0.05809843428110006,0.2006560482896033,0.1741836061762831,0.08688605298015378,0.08484360877897965,0.10833416530933024,0.13506013657111887,0.08356103380784523,0.13713801654359217,0.17866526040876435,0.09750378905343753,0.3184210946036033,0.15203332197461666,440.0
0.0,0.050198644345982694,-0.014987724438338134,-0.17663946583029697,0.18735322234681245,-0.2075888043460255,0.04495973634625714,-0.01844949409403249,7.717924635652993e-5,-0.020203947897389326,-0.024471150568809785,0.004142646616929393,0.023451891113185807,0.09319311207191751,0.026445738681816773,-0.04925386711945987,0.005164371139737994,0.027145222768780154,0.017870036742884957,0.06310243771770718,0.00841759049729599,0.04351160296524117,0.1911965858510292,0.05060982534327714,0.19363228456807519,0.1697269284878638,0.07625075226628,0.07351810086577354,0.09630614125392875,0.12358724370230817,0.07465739870374177,0.12182202662210037,0.16512641362913655,0.07842134802511247,0.3025231477507108,0.13039189807840368,450.0
0.0,0.05501943132864315,-0.01351111066265826,-0.17149726771203694,0.1978636670659495,-0.20872709743310525,0.048109966635372356,-0.02199605551638289,0.004568286813312093,-0.019294506712616115,-0.022876587618418927,0.00326536534098203,0.02188782146689614,0.0860566887575587,0.024371092265267433,-0.052107708223531876,0.0028083185578886157,0.02488155659806204,0.017199413502562964,0.0611619691791401,0.005038260459341196,0.03980977829242177,0.1828339288567529,0.043773270320032504,0.18666028549607672,0.16563664216714372,0.06700040982084772,0.06361046621674138,0.08532567733482171,0.11346137373846377,0.0666670889708175,0.10891181604375222,0.1531601877453743,0.061874431726339746,0.2875719129408469,0.11153078975570496,460.0
0.0,0.05921597762595989,-0.011915049327854954,-0.1654832531082946,0.20698839200457286,-0.20773035136689486,0.05077051261359734,-0.025336142722108723,0.008922830261972383,-0.018741870970035317,-0.02161925594571319,0.0015889853623439203,0.020372848775798567,0.07929837897971626,0.022174887500920833,-0.05403048412431901,0.0012801825873474683,0.02290062549785664,0.016095724169272643,0.05944380449719348,0.0023970787296115907,0.03651373020811155,0.17409034737774898,0.037623594376537804,0.17972059338123417,0.1617919758582332,0.05914484299504697,0.05519899312979248,0.07550997894766127,0.10477128388247793,0.059668015862615886,0.09861269696152752,0.1429193195869736,0.04812973191166777,0.2737492808017519,0.09573437017301363,470.0
0.0,0.06267986128423572,-0.010256599164888155,-0.15881848016474268,0.21453028129749716,-0.20472997118279737,0.05285239814935247,-0.02844658925349608,0.013025259857883616,-0.018643350022654225,-0.02072770725782575,-0.0009351563713969859,0.018817437877127266,0.0729594161791851,0.019792969081982,-0.05513522735896863,0.00042930414027805895,0.021129322658282337,0.014441703691487215,0.057833378343994844,0.0003816529979305622,0.03350852804074847,0.16501998670903037,0.03215269519735419,0.1727780410614086,0.15804582435704886,0.05259788608314454,0.048258357933344855,0.06688859649911172,0.09749693188100006,0.05366477942650395,0.09095088833139212,0.13442833688042038,0.037264549268775655,0.26114004817852077,0.0830791045184095,480.0
0.0,0.06539230856557479,-0.008589884897020878,-0.15178109627512948,0.22049767254805838,-0.20007994998610054,0.05435977598258007,-0.03132866817373115,0.016784999468997662,-0.01902099868673548,-0.020182554314164766,-0.0041943511443200835,0.017176938233384894,0.06700525794045226,0.0172205424653327,-0.05561223419260804,2.8430824831329036e-5,0.01948866996816292,0.01221251206926299,0.05621037537552979,-0.0011799355370584914,0.030663577046125573,0.15571260344368493,0.02726791241412406,0.16579796644415784,0.15424909205303253,0.04711439288753972,0.04257700050961991,0.05933187531169017,0.09143007649658098,0.048527350341158154,0.08559946392936893,0.12747623089728868,0.028978658648796563,0.24965276009663553,0.07323355304666866,490.0
0.0,0.06743316460691198,-0.006953420498282648,-0.14465166340839294,0.22510495594933547,-0.19428965099847503,0.05538999375845902,-0.034001136698460006,0.0201584609275084,-0.019804144900758904,-0.019919430774472797,-0.00792001457811537,0.015484803015337915,0.061344585506087464,0.014521698924606991,-0.05567861153766856,-0.00016975338982954053,0.017916838627092636,0.009496705221974364,0.05448338603649109,-0.002475522213632146,0.027869633261733827,0.14629321315480515,0.022819125855214714,0.15877986279378242,0.15031672413080602,0.04235419991794945,0.03781363695068521,0.05260639108596448,0.08623842870132374,0.04403010144233805,0.08194870412927874,0.12167014669009142,0.022664554334920605,0.23906234933571652,0.06553545786247054,500.0
0.0,0.06887824891602133,-0.005377629422144262,-0.13762058552316472,0.22853316579473035,-0.18774154904618068,0.0560122952604605,-0.03646868562083567,0.023126998960394128,-0.020920575700361092,-0.019884501532358635,-0.011892440742409095,0.01377618543177336,0.055911228446339604,0.01175609436375918,-0.05547348822484189,-0.0003305816111848983,0.01637023852795875,0.006387500025328672,0.052609741837540795,-0.0036344282885766694,0.02506025187087921,0.13685882514913292,0.018700782447577027,0.15175736645308838,0.14621158553547642,0.03808839627514111,0.03372103697825203,0.04653697008832574,0.08168187962522674,0.04001106757206332,0.07953399031740761,0.11670693515604026,0.01785716802716193,0.2292054424447702,0.05948128042288307,510.0
0.0,0.06979877238505958,-0.003886008422041928,-0.13080164673745787,0.23092535405000394,-0.18071052583316013,0.05627071052327521,-0.038747307622927905,0.025682768091360705,-0.022319497126117027,-0.020033637738715904,-0.015970032502461883,0.012061221774884482,0.05065823037193359,0.008971827494207498,-0.05509027237488101,-0.0005427979252784973,0.014816921258631863,0.0029695788350520176,0.05057393653652152,-0.004740594707786079,0.02219692667695597,0.12748259420401092,0.014848265512636879,0.14475996281283007,0.1419145431067467,0.03417109249702587,0.030127914991060878,0.040999376528812984,0.077593278207215,0.03635807676015884,0.07804079855834424,0.11236571253998968,0.014216671120412314,0.21997011719408827,0.05471274248203813,520.0
0.0,0.07028846447892631,-0.002491562974024887,-0.12427065720993379,0.23247211449773394,-0.17345874066528746,0.05623511476100294,-0.040853310015931954,0.027846250789728938,-0.02392290206844219,-0.020316420570717125,-0.01999244874338831,0.010373757409580726,0.04553444797125673,0.0062310102761022265,-0.05460942451575729,-0.0008597789760033682,0.013247614314624557,-0.0006423654300600547,0.04838247617773252,-0.005849653340246142,0.019263243449283537,0.11823936476340068,0.011203348066279314,0.13782118228091556,0.1374338362622702,0.03046360314207051,0.026868884430092537,0.03586978622115781,0.07380610792282218,0.032959497321099644,0.07713637483894009,0.10842492481192356,0.011395167169164545,0.21122688194541683,0.05085089254175402,530.0
0.0,0.0704159155672733,-0.0012066913729063633,-0.11806114187732866,0.23330298135233907,-0.166148688605506,0.05594427896001704,-0.042797138198664,0.029639476986313803,-0.025675652088408468,-0.020700103068631282,-0.02386567663844944,0.008730638173137828,0.040538409115707226,0.0035699571852057235,-0.0540784289926356,-0.0013037485263086427,0.011661914913738722,-0.004371298688600552,0.046050705381619796,-0.006990372836475929,0.016256111211806167,0.10917825357827486,0.007734951352730295,0.1309671406655323,0.13278533846939056,0.026893007430773008,0.02385120998378974,0.031072197541801988,0.07022699673381036,0.029753260217298065,0.07661899940659167,0.10475804978755975,0.009186258884524331,0.20290429018120815,0.047662751729265596,540.0
0.0,0.07022461622578788,-4.410556731822261e-5,-0.11218293276073463,0.2334932184837813,-0.15887203037845873,0.05541012587475644,-0.04458734253480469,0.03107953127345288,-0.027547080077046624,-0.021166918824954792,-0.027551060283586424,0.007126988539487892,0.03567934108269567,0.000993717248491427,-0.05352599995616994,-0.001878370890903091,0.010057763868449565,-0.00817233329831902,0.043592509216990295,-0.008182875383668159,0.013173941735699031,0.1003273868961667,0.004428482249286072,0.1242126508375911,0.12798416258436943,0.023427462883101505,0.021028266132267437,0.02656534437334099,0.06680915743950847,0.026710088105635365,0.07638344027516618,0.10129797982323935,0.007482891410944736,0.19497090142922247,0.04502222556753206,550.0
0.0,0.06975554234233172,0.0009871081287044223,-0.10663601564884741,0.23311403221446025,-0.15170112504768532,0.05464476085108099,-0.046233389554501056,0.032185720822058034,-0.029509075189207618,-0.021702508765341712,-0.03102084632724917,0.005557909436055837,0.030963797161142823,-0.001496803842537238,-0.052974430654218495,-0.0025823184056107387,0.008434730152057583,-0.012006297207376088,0.04102306533267782,-0.009441480657812624,0.010017553342843894,0.09170613289304552,0.00127001903344006,0.1175688648481068,0.12304624397173372,0.020041987156888055,0.018360607634716045,0.022311806723607643,0.06351375968976232,0.023805765702561748,0.07634151046439645,0.09798807622392904,0.006192721321416618,0.18739641238746504,0.04282014583060299,560.0
0.0,0.06904258104270684,0.0018777227832719727,-0.10141308070063806,0.23223012916506258,-0.14469076943992343,0.05365940792029923,-0.04774530615402369,0.0329780082625919,-0.0315371568180694,-0.022295793180200554,-0.034257480173111095,0.0040182449413585205,0.026395273065321093,-0.003903539159878976,-0.052440690033326236,-0.003410959713618966,0.0067883751370808754,-0.015840633560497634,0.0383567381051346,-0.010776047929938828,0.006788933481209187,0.08332591131010945,-0.0017535144769289914,0.111043165553718,0.117986833299467,0.016717549029928842,0.01581565043532298,0.018278352028173496,0.06030930173339738,0.02101943442514615,0.07642165064229182,0.09478310775660126,0.005238453919472202,0.18015245495024262,0.040964628270883124,570.0
0.0,0.06812687334103833,0.002620694379707278,-0.09650097345518145,0.2309205143499702,-0.1378941298255673,0.052476138797703034,-0.04913317554291557,0.03348251618687699,-0.03359962142138045,-0.022934250704409565,-0.03723593491145524,0.0025122264543344965,0.021969028676087323,-0.006221026517652783,-0.05193733155899229,-0.004356033593425677,0.005119375308293983,-0.019636919327893864,0.03561175290850586,-0.012190781718374932,0.003496708783248809,0.07519844822967134,-0.00465736389480247,0.1046454600779024,0.11282815733159732,0.0134332983068779,0.013357317093780963,0.014428226376704753,0.05716243650755709,0.01832628111729806,0.07654424667231549,0.09163697888394085,0.0045310401216959876,0.17320230505663997,0.0393530537971564,580.0
0.0,0.06706620237615836,0.0032202141278321332,-0.0918787831356949,0.22929533823619766,-0.13137107051338218,0.05113819037305234,-0.050405761498677835,0.03373814561733662,-0.03564788806718149,-0.023600286568785465,-0.039911196427130334,0.0010624605859098353,0.017679312980374704,-0.008427479957255766,-0.05146990875730667,-0.005401030177551396,0.0034386919952187228,-0.023338417599433035,0.03281755224620773,-0.01367971397937546,0.00016401271659824833,0.06734298939263877,-0.0074606093133305984,0.09839565996310776,0.10760931673353698,0.010165097348551033,0.010942154985892766,0.010717337346473753,0.054033556966192886,0.015695390695515246,0.07661141822450238,0.08849523522452835,0.003954723540126285,0.1664973052690687,0.037857145043607376,590.0
0.0,0.06590034043577624,0.003679649964089776,-0.08752107680497302,0.22742830642318201,-0.12514757002817584,0.0496722488850814,-0.051570835950975,0.0337762361556421,-0.03765114056400546,-0.02428438550832519,-0.042267826530749904,-0.00032068090128828023,0.013524697109223868,-0.010515225920035502,-0.05103747039544921,-0.006527059327156303,0.001753817947508816,-0.026915680940654163,0.029997596629026242,-0.015234214077026116,-0.003190957482111401,0.05976331288551814,-0.010175647454403662,0.09230363799771847,0.10236157671076503,0.0069029422100242155,0.008548072352551346,0.007118380468201495,0.050906430344508126,0.013111733360282412,0.07657662622357507,0.08533164445387179,0.003444056648682994,0.16000653877933455,0.03640767289751049,600.0
0.0,0.06457836989478478,0.003969530575647093,-0.08341723535329777,0.22522382898269858,-0.11915696296485231,0.04800791355940981,-0.052640848613596546,0.033569879356798595,-0.03966864287954204,-0.02501093089237789,-0.04441105105906442,-0.0017054355950513582,0.0095036475528858,-0.012553922242841522,-0.050652587346587015,-0.007749073229818552,3.203573278195896e-5,-0.03044734327607692,0.027118542392832103,-0.016875194762648045,-0.006610281862300602,0.052402099327738656,-0.01280101262098325,0.0863216174887087,0.09703183455739746,0.003671695230485844,0.006209980393408491,0.00364612329809407,0.047808711523106485,0.010600543106113804,0.07654574963223378,0.08218934820083035,0.003108931537193144,0.1537622330180531,0.03511674231109916,610.0
0.0,0.0630541267283025,0.004061243483216424,-0.07957060677632394,0.222605448631261,-0.11335709814306807,0.04608525795731267,-0.05363749956332633,0.033086205442529854,-0.041761606601168656,-0.02580051068680465,-0.04644037497903365,-0.00316231116171661,0.0056004645663464345,-0.014605679859657102,-0.0503431712354012,-0.009099494694515636,-0.001757874035390636,-0.034003618743126955,0.0241435326371756,-0.01863098270159896,-0.010140533970319877,0.045205665323639406,-0.015347075416800882,0.0803972546759213,0.091561106495075,0.00047591303471408757,0.0039415512319410624,0.00029603672555347115,0.04474079663631168,0.008166476334796228,0.07657857391123694,0.07907987325155626,0.0030161211757702222,0.1477706931034134,0.0340461696878538,620.0
0.0,0.061369251523713884,0.003968060694652339,-0.07597305041342972,0.21966356230736683,-0.10778921072905039,0.04394557420353691,-0.054575840474320965,0.03235141071549875,-0.04390049870809638,-0.026640701241893223,-0.04833269558290469,-0.0046763711766215025,0.001797608497716832,-0.01665334051805793,-0.050122150627796895,-0.010582735616208896,-0.003604404725886705,-0.03755150174499552,0.02108947147948818,-0.02049651654707153,-0.01376783182287484,0.038180035174455194,-0.017837665353395187,0.07452949770804262,0.08597357364316913,-0.0027131179193339698,0.0016994459152399983,-0.002976466867433674,0.04166031895456524,0.005773515018206262,0.07658534730455968,0.0759495266431304,0.0030589062670353644,0.14197416772486848,0.033083814623317914,630.0
0.0,0.05956473675108685,0.003706769942329567,-0.07261091667972423,0.21648365050139765,-0.1024831181327971,0.04163033017214515,-0.05546771089264997,0.03139444125549297,-0.04605520444155329,-0.027519997264079017,-0.05006676528312914,-0.0062273853585447314,-0.0019190948295487043,-0.01867954842380758,-0.049995116018937,-0.012193385505139528,-0.005494029127429437,-0.04105769260625442,0.017975557738289495,-0.022461887220744357,-0.017467914019935797,0.03133026750560872,-0.020291721609155867,0.06872341329588784,0.08029815934878827,-0.005915192849914892,-0.0005508659301265296,-0.0062066412393308144,0.03853680442671998,0.0033935064122972165,0.07649510776215113,0.0727579114504597,0.0031451182675946076,0.1363245653128541,0.032136352996281405,640.0
0.0,0.057655257125754436,0.0032839014411838925,-0.06947382153251656,0.21310041956690437,-0.0974415924867159,0.039152326286660495,-0.05632483953291335,0.030227043034363466,-0.048220585970256746,-0.02843666300660286,-0.05165250183288842,-0.00781647047122311,-0.005565882587235841,-0.020688008785504867,-0.049969135002903495,-0.013932822763754465,-0.007425254535869814,-0.04452031881024715,0.014806293915473766,-0.024526220400498254,-0.02123445477105669,0.024643203221040254,-0.0227241237044979,0.06297101552371288,0.07454027621261668,-0.009141441522596338,-0.002825223361042073,-0.00941606914104989,0.03535298828014324,0.0010108613993097028,0.07628246763133945,0.06948515077736143,0.0032357873048195255,0.1307933941610448,0.03116426587821903,650.0
0.0,0.055646837227476494,0.002702066725968845,-0.06655281352304596,0.20953174546500566,-0.09266017540167006,0.03651484222931795,-0.057158346187780255,0.02885452433647762,-0.050398839122122535,-0.029392085710791147,-0.053106731659556365,-0.009450648335670527,-0.00915912701864521,-0.02268822121343712,-0.05005169137360004,-0.015805240388509192,-0.00940062354456734,-0.047946785818947284,0.011580504578681889,-0.026692125449067818,-0.02507272110414719,0.018100881961119236,-0.025148356615880902,0.05725916492900755,0.06869665609095119,-0.01240229245100606,-0.005135291507188479,-0.012622760866860896,0.03209445361083982,-0.0013869684624276642,0.07593389323181371,0.06611593614566505,0.0033074320113374994,0.12535732031221006,0.030143170429461727,660.0
0.0,0.05355157795519735,0.0019669942888509736,-0.06383637379199653,0.20580555574630852,-0.08813826099053236,0.03372818662580347,-0.05797746420274992,0.02728669190956744,-0.05258511525099486,-0.0303855237197395,-0.05443637556105309,-0.011129568015102275,-0.01271191559834817,-0.02468283415046049,-0.05024668138204748,-0.01781043963757552,-0.011419823756845795,-0.051335836917016674,0.008301594232466748,-0.028959102868038857,-0.02898410240902494,0.011690891503137565,-0.02757674419397812,0.05158028408903393,0.06277095646212215,-0.01570802596599948,-0.007494457559613341,-0.01584469473996246,0.02874714822187294,-0.0038131328725047714,0.07542894798120175,0.06263371876767605,0.0033291100907139153,0.11999153419712329,0.029041203404953097,670.0
0.0,0.051385655554793165,0.0010870349634359649,-0.06131077791182044,0.20195594453810395,-0.08387654380047066,0.030807667706805947,-0.05878966615624868,0.02553687939304013,-0.05476977306504265,-0.03141484635184115,-0.05564215382809441,-0.012847528603142748,-0.01623476155953351,-0.026669387190620127,-0.050554503072099806,-0.01994402529739139,-0.013480830350107012,-0.05468030992174681,0.004976697343292472,-0.03132283742599981,-0.03296442740221682,0.005405270100708644,-0.03001971153291719,0.04593152280290987,0.05677264646238701,-0.019067145424694835,-0.00991563510544945,-0.01909797325493481,0.02529943088943982,-0.006279712274717701,0.07474525844270512,0.05902358535220181,0.0032677072928160903,0.11467227255954135,0.027824660112149506,680.0
0.0,0.04916471602514579,7.091186758933315e-5,-0.05896183020414054,0.19801493942422052,-0.07987400410416567,0.027768440130034225,-0.05960127634449842,0.023618486264412545,-0.056943081782359566,-0.03247814149760108,-0.05672437226801834,-0.014597994321814125,-0.01973642687292928,-0.028644598336512405,-0.050973736411688134,-0.022199068195630653,-0.015580546707013511,-0.05797271840337642,0.0016134707941006757,-0.0337776617190981,-0.03700792877497484,-0.0007626099119781155,-0.032485814506209555,0.04031145747407788,0.050712236194004306,-0.022485849859985623,-0.012409437761931727,-0.02239576567200654,0.021742767847238834,-0.008796602108163265,0.07386428304114478,0.055274068196448194,0.003094804235352706,0.10937900913895433,0.02646488724495002,690.0
0.0,0.04690020829276319,-0.001074513672630651,-0.056776713860331444,0.19400626535026486,-0.07612666957000332,0.024621196168043657,-0.060418169451135074,0.02154175529240448,-0.05909886243374503,-0.03357498494383299,-0.057686816341454616,-0.01637728997618632,-0.02322485121536825,-0.030607748157821888,-0.05150316248554693,-0.024569692523135036,-0.017717276498502046,-0.061208965823422314,-0.0017828172124036417,-0.03631922035050771,-0.04111106538370399,-0.0068206812134677065,-0.03498240872814665,0.03471700950424296,0.044596774048032244,-0.025968708493047502,-0.014983836078552585,-0.025748603540190314,0.018071179617375546,-0.01137157992351448,0.07277391394048358,0.05137690970505905,0.002790224818006007,0.10409500815330326,0.024941595970839486,700.0
0.0,0.044602003148301275,-0.0023429864675302632,-0.05474340378488192,0.1899501988788101,-0.07262966327165041,0.021375209619639752,-0.061245465853452356,0.019315854591760682,-0.06123197748211182,-0.0347056316262057,-0.05853390573944734,-0.018182245516089574,-0.026706943481699056,-0.03255857519356828,-0.05214118658685819,-0.027050155471036435,-0.01988938754013815,-0.06438600747717808,-0.0052074911801174425,-0.03894320546889608,-0.04527041538846579,-0.012776342446282079,-0.037515722467606885,0.02914535299787254,0.038432673103728124,-0.029518967104511927,-0.017645172729732664,-0.02916501917765062,0.014280492681714956,-0.01401094295350646,0.07146520551108898,0.04732607515606315,0.002337916928377618,0.09880619756145728,0.023238841748311444,710.0
0.0,0.0422798240258387,-0.00372823062812121,-0.05284978535870637,0.18586561342429922,-0.06937735417685263,0.018042436599821528,-0.06208598833910677,0.01695213423025309,-0.06333796688674435,-0.035868795162431466,-0.05926722581843677,-0.020006577357744217,-0.03018816144014458,-0.03449648502183114,-0.052885550323208526,-0.029634200310011443,-0.02209471951025126,-0.06750074937734447,-0.008655644301527144,-0.04164471659017905,-0.049481696433535116,-0.018636091650085958,-0.04009078395067485,0.023594806957037858,0.03222574862386744,-0.03313846385749707,-0.02039836187330248,-0.03265160717115406,0.0103683886188479,-0.01671959056259498,0.06993140489988224,0.0431176827161458,0.001724531800634475,0.09350094671180864,0.021343734159947246,720.0
0.0,0.03994007566225444,-0.0052254182255182585,-0.05108570792906996,0.18176526248033023,-0.06636275507357754,0.014631207451844304,-0.06294228905729955,0.014459017750954163,-0.06541513884820206,-0.03706395013583035,-0.05989086920982282,-0.021846664168482587,-0.033673473873240156,-0.036423108503383775,-0.053734969195316895,-0.032317334048671605,-0.02433254461908611,-0.07055321643752056,-0.01212442143304679,-0.04442042746042446,-0.05374282526538489,-0.02440727099218924,-0.04271207404678871,0.018062351235648613,0.0259789577874957,-0.03682836578152246,-0.023246869135744322,-0.036213521673028944,0.006333434171733007,-0.019501295401131238,0.06816952088402693,0.03874943922069748,0.0009418461201251215,0.08817019911799795,0.019248512648643377,730.0
0.0,0.0375871315424311,-0.006830193219943107,-0.04944270991372572,0.1776580768024515,-0.06357879731292583,0.01114754333537198,-0.06381680082576034,0.011842994384429236,-0.06746341484252122,-0.03829116217763297,-0.06041041565166099,-0.02370054480450865,-0.03716723535001939,-0.03834134602619472,-0.0546888388253314,-0.03509619574692241,-0.026602937431975903,-0.07354522248264513,-0.015612148136605311,-0.0472679593648991,-0.0580529104038608,-0.030097129147548758,-0.04538354256497713,0.01254378550512051,0.019693874599278433,-0.04058925557866897,-0.02619372113769231,-0.039854746391417714,0.002174743482980936,-0.022359227445999438,0.06617890008533886,0.03422025480564371,-1.5529609388031708e-5,0.08280652929223126,0.01694861835173379,740.0
0.0,0.035230593820927136,-0.008534491961908346,-0.04791059209972904,0.1735614146676805,-0.06102000087104307,0.007604106993342454,-0.06471053029484314,0.009115647508812934,-0.06947772306023671,-0.03954838744926406,-0.06082696647773243,-0.025561065765802162,-0.040670537623164804,-0.040249299431350506,-0.055743571891628776,-0.0379625315321465,-0.028901456367909303,-0.07647271208530078,-0.019112353712901313,-0.050180164545547475,-0.06240431630039212,-0.03570738131089698,-0.04810673683647995,0.00704098092519297,0.013380560266976553,-0.044418921213246566,-0.02924042843263705,-0.0435763525516792,-0.0021054273235565336,-0.025294743562037973,0.06395810728144191,0.029532601210102854,-0.0011554890153687122,0.07740442233708383,0.01443822173706866,750.0
0.0,0.03288015076557055,-0.010329614872644928,-0.04647964257754711,0.1694922107100418,-0.058680388043491814,0.004014178847946285,-0.06562387122695158,0.0062892078319023255,-0.07145296652638419,-0.04083324799168601,-0.061142191127022204,-0.027420506326296022,-0.04418209547134871,-0.042144094624114344,-0.05689432753444384,-0.04090672841074722,-0.03122237410154822,-0.07933054037774462,-0.02261798544384857,-0.05314876092320581,-0.06678658090810277,-0.04123804366121931,-0.05088159092970174,0.0015576755290881436,0.007051069502750401,-0.04831374673031544,-0.032386208905933314,-0.047376811513133076,-0.006502647212252963,-0.028307502925968776,0.06150833621455516,0.02469084652333941,-0.0024829304394069695,0.07196140794616339,0.011714688576102915,760.0
0.0,0.03053490090329016,-0.012213820161174435,-0.045145975177470495,0.16544972176799871,-0.0565520874687631,0.0003785939956297393,-0.06655877624589394,0.0033660780128486616,-0.07339356887399161,-0.04214693308335454,-0.0613665827841784,-0.029280773025643976,-0.047703955661924244,-0.04403035513017297,-0.0581400008445621,-0.0439271824891993,-0.0335671793862802,-0.08212372929085353,-0.02612954293927877,-0.056173445275610086,-0.0711992493564319,-0.04669561113599701,-0.05370938597561725,-0.003910305981145006,0.0007042176829654212,-0.05227248152905274,-0.03562988730580515,-0.051256059864933305,-0.011016117745425616,-0.03139815691292722,0.05883544876587676,0.019696080766813003,-0.003993955003877462,0.06647642095780967,0.008783017302070121,770.0
0.0,0.028182802299009338,-0.01419351980534214,-0.04391227464873737,0.1614154410634863,-0.05462718437498126,-0.003315292593754753,-0.0675192619115808,0.00033750581377234214,-0.07531355410761267,-0.0434945414047699,-0.06151859031875604,-0.03115366912261554,-0.05124254568122193,-0.04592091097979824,-0.059485786218198,-0.0470321745364987,-0.03594505533411186,-0.08486703976272408,-0.02965645214309641,-0.05926309202909397,-0.07565484597220079,-0.05209341912921949,-0.05659380931354889,-0.009376225173115673,-0.005676515589940801,-0.05629838168922381,-0.038972182540415796,-0.05521844218775215,-0.015650941267665922,-0.03456957111333978,0.0559464050561324,0.014544514931011825,-0.005678403489374312,0.06094652823259027,0.0056512366331986875,780.0
0.0,0.025809889125056145,-0.01627739428327603,-0.04278355634240442,0.15736799153443562,-0.052899921957898575,-0.0070829132959363455,-0.06850986642162961,-0.002808097834144992,-0.07722839726499056,-0.0448819060999212,-0.06161707322033692,-0.03305320814664626,-0.054805313131627766,-0.047828301005022014,-0.06093892228099546,-0.05023270050070849,-0.03836694335999506,-0.08757615379418746,-0.03320993255458535,-0.06242898865337625,-0.08016985422279448,-0.05744510955170782,-0.05953956888614533,-0.014854772032166114,-0.012110821522724741,-0.06039707284157744,-0.04241526526490063,-0.0592703028292371,-0.020414644650269938,-0.03782589201399673,0.052846154322109325,0.009229799492504999,-0.0075271298295188985,0.055368116969071214,0.002325413061388433,790.0
0.0,0.023407091257739886,-0.018471061625725465,-0.04176336597013969,0.15329430504347363,-0.051366830483612194,-0.010933718733329654,-0.0695341336349145,-0.006077907118120044,-0.07914892262237572,-0.046312953283426404,-0.061676376006677386,-0.034988803689107055,-0.05839753140180016,-0.0497604712479152,-0.06250428845074216,-0.053535901065443384,-0.04084041676486395,-0.09026095397051206,-0.03679704213760676,-0.06567866715078026,-0.08475530034139431,-0.0627597599291665,-0.06254995231940202,-0.020355573854444833,-0.018611482064321522,-0.06457249505649319,-0.045960904473264085,-0.06341661424712326,-0.02531263171929137,-0.0411703798143868,0.049537230115189276,0.0037471423044471257,-0.009535077230317657,0.04973838876896919,-0.0011915921203191166,800.0
0.0,0.020981232233813787,-0.02076758183389052,-0.04084729235310882,0.14920716341503185,-0.05002516226909935,-0.014857012449943748,-0.07059167333099513,-0.009462023276800806,-0.08107163881957669,-0.04778513230737158,-0.06169916779490634,-0.03695445526699295,-0.06201603117712133,-0.05171190669091402,-0.06417581816602712,-0.056933362776479014,-0.043360848969801385,-0.09291521128535915,-0.04041066280187963,-0.06900497089216184,-0.08940252363723682,-0.06803325742747617,-0.0656216920033145,-0.025871836110343244,-0.02516738265280964,-0.06881991809668922,-0.04960588092866544,-0.0676543930173456,-0.030338646988188972,-0.04460033905179458,0.046022147911494976,-0.0018973516952747547,-0.011703512431632087,0.04405961568500935,-0.004899439752378603,810.0
0.0,0.018547203175527504,-0.023152403058036473,-0.040026541741801314,0.14513185664287917,-0.04887013795659124,-0.018831181768220503,-0.07167835526847471,-0.012940446668737685,-0.0829841066259311,-0.04929146758191871,-0.06167905182940323,-0.038936186452842636,-0.0656522819511219,-0.05367026637696457,-0.06594066112212112,-0.06040739579142505,-0.04591670131218503,-0.09552508377835416,-0.044035867260848835,-0.07239204236816367,-0.09409164114241161,-0.07325429541029742,-0.06874675792004979,-0.03138739806332687,-0.03175389997541531,-0.07312822666320572,-0.05334213727095398,-0.07197418825020717,-0.035477669825458184,-0.048107990910595276,0.042307484107630314,-0.007688543516204988,-0.014033319148995022,0.038339116665048,-0.008794728363921159,820.0
0.0,0.01610788715044372,-0.025619955576173508,-0.03929792138924039,0.14107373790755887,-0.047895949730585995,-0.022849642401232186,-0.07279249524078432,-0.016505445736086883,-0.08488471295276608,-0.05082937007230504,-0.061618558589017464,-0.04093163805549549,-0.06930279681807869,-0.05563336537034144,-0.06779380956561096,-0.06395148362825995,-0.04850475007210057,-0.09808906610549914,-0.04766797807632388,-0.07583442222167534,-0.09881676085693732,-0.07842036773000631,-0.07192092689846992,-0.03689728377657116,-0.03836326211017445,-0.07749143663608987,-0.057163744852663734,-0.07637069812343089,-0.04072154696986698,-0.05168850976162658,0.03840228514870634,-0.013617116852272237,-0.01651840775275992,0.032582638161355544,-0.01286937928054589,830.0
0.0,0.013664041718827503,-0.028166151143530868,-0.03865947249557421,0.13703453125746826,-0.04709666801659617,-0.026908418940420765,-0.07393275131304138,-0.020151387629325425,-0.08677378640477365,-0.05239691638760882,-0.06152176648747289,-0.042940492180798116,-0.07296483933314359,-0.057600780671835494,-0.06973160993958058,-0.06756105532490604,-0.05112307423202883,-0.10060786410966603,-0.05130412331332152,-0.07932843720478365,-0.10357437605063881,-0.08353032459962614,-0.07514047108996219,-0.04239831752795057,-0.04499055880635674,-0.08190434226753811,-0.06106493533917603,-0.08083907381252264,-0.046063104889302826,-0.05533735636000683,0.034316344072932416,-0.01967446482598203,-0.0191511864653796,0.026795949477960778,-0.01711413226312429,840.0
0.0,0.011218248129628416,-0.03078513869377391,-0.03810823859157616,0.1330186978204734,-0.04646595985694362,-0.031000988914037388,-0.0750971767416055,-0.023870398953134017,-0.08865010237806877,-0.053991278787839166,-0.061391555412540585,-0.04496059344501296,-0.07663449744124122,-0.059570505221626886,-0.07174884898143297,-0.07122950224938511,-0.05376815587792378,-0.10308050282189148,-0.05493976566647373,-0.08286847798405139,-0.1083584786749991,-0.08858142401724314,-0.07840056186717471,-0.047885244976088696,-0.05162791610731917,-0.08636038166987933,-0.06503884638363365,-0.0853729580930779,-0.05149320470487258,-0.059048799347531225,0.03006040984978736,-0.025849919681511187,-0.02192395457841946,0.020985900773870025,-0.021519000860471083,850.0
0.0,0.008775603563695139,-0.03346859896859071,-0.037639687934366554,0.12903446918195008,-0.045996694806434875,-0.03511731751165581,-0.07628300680841947,-0.02765147997575985,-0.0905103075290607,-0.05560842664049459,-0.06122923537691859,-0.046987231977827296,-0.08030628669712767,-0.06153836216292817,-0.07383807196062865,-0.07494733260787782,-0.056434275058731075,-0.1055037309737251,-0.058568080733466005,-0.08644622203464633,-0.11315960722716287,-0.09356890031746377,-0.08169488990554141,-0.05335005119454157,-0.05826341578211554,-0.09085111897911666,-0.06907711665109854,-0.08996394958072448,-0.05699998450308571,-0.06281549115709388,0.02564662402899179,-0.03212996808456644,-0.02482879458447869,0.015160722915407772,-0.02607294216783267,860.0
0.0,0.006343601622347406,-0.03620572707889009,-0.03724761952918975,0.12509358041912047,-0.045680641672452345,-0.03924396801052407,-0.07748665055751316,-0.03148053566822835,-0.0923490553763183,-0.05724315926975018,-0.06103470906826516,-0.04901322317731061,-0.08397317745152127,-0.06349810489517878,-0.0759895207506741,-0.07870217158605576,-0.05911354665660299,-0.1078722159390375,-0.062180064199191504,-0.0900506464324758,-0.11796492470921723,-0.0984861567571733,-0.08501564427986633,-0.05878210305600524,-0.06488124587371144,-0.09536620968291379,-0.07316978771995553,-0.09460151958112635,-0.06256876651794961,-0.06662839014938952,0.021088832719565312,-0.038498108450173554,-0.027857249684177215,0.009330051372529008,-0.030763520174867044,870.0
0.0,0.003930800548609613,-0.038984376794092876,-0.03692485322695943,0.12120912871964248,-0.04550854876153898,-0.043365902876063865,-0.07870404853000514,-0.03534191401734042,-0.09416016452547644,-0.05888967935982435,-0.06080729543223347,-0.0510301976107978,-0.08762738157186857,-0.0654425413781559,-0.07819214178140145,-0.08248017858994434,-0.061796997977334775,-0.1101798520061033,-0.06576578306680042,-0.0936693584718831,-0.12275996765151036,-0.10332592794868366,-0.08835418354530905,-0.06416962500736924,-0.071463833036778,-0.09989429885355598,-0.07730591562384768,-0.09927386840412616,-0.06818326761705042,-0.07047742466636726,0.016402259400971387,-0.04493605116004047,-0.031000077895312148,0.003504281468233582,-0.03557703805757215,880.0
0.0,0.0015457205490741496,-0.04179212092641622,-0.03666386268197587,0.11739385554895157,-0.04547042471207237,-0.04746804302862908,-0.07993101807121873,-0.039219795413681965,-0.09593754602656202,-0.060542107749745,-0.06054630673775994,-0.05302968512958257,-0.09126109698193878,-0.0673644652144874,-0.08043454117719295,-0.0862673437640577,-0.06447552560899736,-0.11242078438515,-0.06931545110690472,-0.09728980634964728,-0.12753019504885393,-0.10808125792809874,-0.09170171343398864,-0.06950099231411568,-0.07799371326816448,-0.10442392677551222,-0.08147427524013083,-0.10396883964210081,-0.0738271663968376,-0.07435221960529723,0.011602869024326843,-0.05142501611833272,-0.034247366538384005,-0.0023061572371430384,-0.040499029127472705,890.0
0.0,-0.000801327609646917,-0.0446145463324083,-0.03645560102437626,0.11366299209176675,-0.04555503275341261,-0.05153322026892536,-0.08116272427053674,-0.04309597332556889,-0.09767364772819527,-0.06219369453504326,-0.060250007322039174,-0.05500128713339889,-0.09486540558004129,-0.06925510851738648,-0.08270341319742774,-0.09004739744935421,-0.0671383497900976,-0.11458770520783215,-0.07281772467721165,-0.10089733280398662,-0.1322585072962827,-0.11274405919523102,-0.09504830068485498,-0.0747627613808084,-0.08445059390482036,-0.10894219374133211,-0.08566237917383299,-0.1086725911282266,-0.07948197895795459,-0.07824105521105612,0.00670817702768974,-0.05794383985701325,-0.037588549578320855,-0.008089889132421108,-0.04551370981979925,900.0
0.0,-0.0030827696834447157,-0.04741977595124034,-0.036279393658321106,0.11005790169657648,-0.04574401839686254,-0.05551987998432254,-0.08238861816971581,-0.04692995493541326,-0.0993465470807016,-0.06382964564814267,-0.05990781803303356,-0.05691714899606103,-0.09841986792742782,-0.07109104515559682,-0.08496924006703761,-0.0937829918086651,-0.0697593042247812,-0.1166579259971484,-0.07624477565420254,-0.10445768012743187,-0.13690322406199504,-0.11729233297616942,-0.098373193988348,-0.07992198655229281,-0.09078524138317867,-0.11342175584596269,-0.08984611345268549,-0.11335622035138535,-0.08510877342044862,-0.08212021632742077,0.0017476452662713402,-0.06444986278411696,-0.041009482991788346,-0.013824608067392026,-0.05059561742319038,910.0
0.0,-0.005265118213700535,-0.05016892771042033,-0.03610911596792391,0.10662812186898778,-0.04601414411962501,-0.05937770663868218,-0.08359580602004171,-0.05067319839815669,-0.100929249451943,-0.06543208873616825,-0.05950656530114609,-0.058743507017643484,-0.10189934888218849,-0.07284407338679778,-0.0871957764681982,-0.0974285784969442,-0.07230647178395173,-0.11860454982163557,-0.07956314394150665,-0.1079290137161921,-0.14141360985866835,-0.12169962558624496,-0.10165078170752952,-0.08493877936977405,-0.0969380521194368,-0.11782887342613614,-0.0939953822885804,-0.11798358863044478,-0.09065925002161111,-0.08596007787712857,-0.0032411557541536747,-0.07089001609672067,-0.04449115455767233,-0.019482494387498404,-0.055711725302922455,920.0
0.0,-0.007330997398613788,-0.05283809859081428,-0.03592814919581799,0.10339786812721666,-0.04634580218705364,-0.06307878582593728,-0.08477609726455347,-0.05429689002030001,-0.10240859781327491,-0.06699029862747892,-0.059041992996731046,-0.060462552516038326,-0.10528884799775287,-0.07449964109862292,-0.08936037343859335,-0.10095710488308098,-0.07476159194607229,-0.1204159641888642,-0.08275482425816524,-0.11128673367063732,-0.14576104797899733,-0.12595308342922404,-0.10486445207078333,-0.08979135368445706,-0.102876008950401,-0.12214202170311897,-0.09808907276408961,-0.12253053358554533,-0.09610183024496462,-0.08974043107438318,-0.008227852753686727,-0.07722829170235987,-0.048014389334410636,-0.025044663053113488,-0.0608339214485772,930.0
0.0,-0.009267817619977078,-0.05540800286032256,-0.03572257454613515,0.10038372200824562,-0.04672027094410441,-0.06660184443327485,-0.08592269626739173,-0.057778074752908866,-0.10377552670078292,-0.06849568865472988,-0.05851234457289892,-0.06206108201547694,-0.1085765076379968,-0.07604717212979582,-0.09144432011582442,-0.10434702084089478,-0.07711042012357183,-0.12208509115598448,-0.08580651260416715,-0.11451135925535365,-0.14992351723745298,-0.13004412030377546,-0.10800036330569039,-0.09446348599273438,-0.1085741558428743,-0.12634348631645506,-0.10210888837621127,-0.1269765430421203,-0.1014100264963602,-0.09344395304495666,-0.013184346065767238,-0.08343391014957999,-0.051560094516026465,-0.030495223148432535,-0.06593571442117346,940.0
0.0,-0.011063972207940719,-0.05786026380721448,-0.03547887496278369,0.09760035452500183,-0.04711863276048548,-0.06992708605401127,-0.08702908052974825,-0.061095060000518356,-0.1050219510224408,-0.0699401542885619,-0.057916389666492714,-0.06352682885135535,-0.11175123493903774,-0.07747695097290483,-0.0934296103858255,-0.10757795164432725,-0.07933954815450671,-0.12360597782771653,-0.0887060786975776,-0.11758449938358453,-0.1538804651832338,-0.13396535230186415,-0.11104528862972174,-0.0989403633625711,-0.11400948130638221,-0.13041645186590792,-0.10603712707913235,-0.13130183015811417,-0.10655840792460711,-0.09705389536901478,-0.018082814370959654,-0.0894771536499076,-0.05510898153437074,-0.03581910783133743,-0.07099073994499791,950.0
0.0,-0.012710699855225023,-0.06017928363138405,-0.035185191519613794,0.0950579820857707,-0.047522807013198665,-0.07303875966100615,-0.08808963953341713,-0.06422982744209219,-0.10614215606928379,-0.07131694265448403,-0.057254163334047384,-0.06485023969891815,-0.11480398660431411,-0.07878159801961221,-0.0953007478611197,-0.11063298803240836,-0.08143804354593585,-0.12497525084588418,-0.09144427227563137,-0.12049097447699746,-0.15761541615195385,-0.13771200979572182,-0.11398787969211661,-0.10321063905984747,-0.11916396786433968,-0.13434667651097268,-0.10985813311448898,-0.13548913983614416,-0.11152499909716632,-0.10055554390409212,-0.022897442967021203,-0.09533196158873179,-0.05864238244751845,-0.04100343909599253,-0.0759742807696211,960.0
0.0,-0.014201015955344919,-0.06235126146905506,-0.034830709450590004,0.09276405074060788,-0.04791533385203883,-0.07592368015472564,-0.08909936382274322,-0.0671667330444525,-0.10713188886315488,-0.07262018256372223,-0.05652639340335763,-0.06602343175132572,-0.11772707917234519,-0.07995517560224745,-0.0970438420596193,-0.11349746157991938,-0.08339654843884502,-0.1261911057155248,-0.09401368976763264,-0.12321767463144645,-0.1611145018457403,-0.14128100832324678,-0.11681805926099524,-0.10726521221882078,-0.12402281399437996,-0.1381216599750162,-0.11355768380247666,-0.13952293907747965,-0.11629015434262224,-0.10393558188029835,-0.027603929217012605,-0.1009747795758945,-0.06214224014654604,-0.046036893303582994,-0.08086291594573224,970.0
0.0,-0.015529944915859087,-0.06436453784834355,-0.034405907408989786,0.09072294533572262,-0.048279699898470765,-0.0785716160106741,-0.09005396439520331,-0.06989290703167586,-0.10798852487579773,-0.07384502657061792,-0.05573456315324276,-0.06704046057776195,-0.12051439297935496,-0.080993396552428,-0.09864690505865176,-0.11615932792164693,-0.08520754598153449,-0.12725345472007898,-0.09640900300095172,-0.12575391179990622,-0.16436686486977659,-0.14467109600666156,-0.11952725323870687,-0.11109750824480066,-0.12857487235155646,-0.14173093726952382,-0.11712328867173642,-0.14338977542161935,-0.12083701436153844,-0.10718238587459884,-0.03217993843573719,-0.1063850789571648,-0.06559141074383654,-0.050909944074367504,-0.08563495288083267,980.0
0.0,-0.016694862353775455,-0.06621007627071462,-0.03390289308053677,0.08893554428595829,-0.04860075657117666,-0.08097584967309256,-0.09095003938716308,-0.07239882238389139,-0.10871131887066986,-0.07498785352178697,-0.054881006940473834,-0.06789770355161287,-0.12316167139218388,-0.08189392699344696,-0.10010038693197867,-0.11860971216732817,-0.08686574023167135,-0.12816416006737766,-0.09862730214698986,-0.12809192186723325,-0.16736524254471496,-0.147883094741697,-0.12210871991166126,-0.11470390088560534,-0.13281329714799775,-0.1451665013323043,-0.12054460794453106,-0.1470787788536137,-0.1251521487932484,-0.11028643901750186,-0.0366057184689349,-0.11154608281678985,-0.068974060463249,-0.05561530507528754,-0.09027100742779921,990.0
0.0,-0.01769607470464012,-0.06788224105997828,-0.03331593613079113,0.08739843947598451,-0.048865336227688835,-0.08313411137222824,-0.09178534342780816,-0.07467922846969348,-0.10930183753449729,-0.07604660323907644,-0.05396907533326129,-0.06859449093198822,-0.12566702778731342,-0.08265689196441396,-0.1013979288988168,-0.12084380482898312,-0.08836868109068233,-0.12892744855296134,-0.1006686870195901,-0.13022769058018488,-0.17010694048969724,-0.1509203475119451,-0.12455809154968175,-0.11808444351730475,-0.13673664596240068,-0.14842350673664298,-0.12381413189380655,-0.15058247574175046,-0.1292266027868476,-0.11324099965752019,-0.04086511467640396,-0.11644594172451482,-0.0722762693735421,-0.06014856228624028,-0.09475506055360985,1000.0
0.0,-0.018534415856827142,-0.06937619545054187,-0.032639833176779105,0.08610752671045684,-0.04906100365879815,-0.0850450298075523,-0.09255792000950756,-0.07672984271085544,-0.10976201649005976,-0.07701957869106531,-0.05300213492624661,-0.06913068084486675,-0.12802912828641408,-0.08328284572378268,-0.1025339397349991,-0.12285771580751631,-0.08971449982118683,-0.1295478292236625,-0.10253385292055125,-0.13215800525943808,-0.1725902169954252,-0.15378664222887511,-0.12687162292779847,-0.12123994251843698,-0.14034459136796773,-0.15149792178810978,-0.12692517944684722,-0.1538943113681729,-0.13305259898324398,-0.11604010115733453,-0.04494341082632508,-0.12107417620811321,-0.07548498232513952,-0.06450635797946308,-0.09907234700603763,1010.0
0.0,-0.01921417702574208,-0.07069129553739309,-0.031872086485899905,0.08505357822117979,-0.04917806270878804,-0.08671270302703352,-0.09326726478459273,-0.07855157374188716,-0.11009648082343654,-0.07790698588445254,-0.05198469709580805,-0.06950975480740139,-0.13024951047787056,-0.08377527689727972,-0.10350673397680013,-0.12465250359034626,-0.09090468413044958,-0.13003248741899284,-0.10422704222683415,-0.13388421554583457,-0.17481882697032156,-0.15648865928450145,-0.12904850623511546,-0.12417555017739972,-0.14364322178688152,-0.15438958774369824,-0.12987462769016492,-0.15701198664594024,-0.13662791535393307,-0.1186812671475473,-0.048830522508495254,-0.12542646517536335,-0.0785899237404783,-0.06868869519982843,-0.10321235908456201,1020.0
0.0,-0.01978515937817154,-0.07188092179766804,-0.031044326445767063,0.08416165919780066,-0.04923979141707613,-0.08821106135170576,-0.09393130850554879,-0.08021245440823725,-0.1103454578494257,-0.07873335799982045,-0.05093709879065689,-0.06978211366265316,-0.13236701791795505,-0.08417636821389843,-0.1043655542981787,-0.12629339833338585,-0.09198588173298919,-0.1304249516541304,-0.10579903265260114,-0.13546694374450566,-0.176868460427718,-0.15907182204782558,-0.13112548778746563,-0.12695362567637059,-0.1467228294515734,-0.15714808735483932,-0.1327043884806156,-0.15998762926076365,-0.1400215225768517,-0.12120636452628328,-0.05257367526611486,-0.1295769333285996,-0.08161270568068714,-0.07273871353417054,-0.10721700183227957,1030.0
0.0,-0.02029494737477676,-0.07299877792855859,-0.030188156719141865,0.08336154935479329,-0.049273495655767365,-0.0896122925841251,-0.09456847379307425,-0.08178045121534841,-0.11054679791976041,-0.0795235672744938,-0.049876674167634374,-0.06999581984583943,-0.13442071446553894,-0.08452636760596434,-0.10516024889065634,-0.1278452953360244,-0.09300419368800736,-0.13076521742125968,-0.10729910643375744,-0.1369663808810132,-0.17881365450519637,-0.16157971726400802,-0.13314075721118754,-0.1296353223820126,-0.14967185447227552,-0.1598242918444723,-0.1354592638409846,-0.16287577458463373,-0.1433047761445356,-0.12365963179336786,-0.05622669652445013,-0.1336034867713578,-0.08458128321687686,-0.07670174877124931,-0.11113514451293635,1040.0
0.0,-0.020745639948698498,-0.07404641900664283,-0.029302379007523232,0.08264933617821008,-0.04927697932130765,-0.09091961251694941,-0.09517953452578685,-0.08325818341178172,-0.11070232871032255,-0.08027889847208221,-0.048803692084977084,-0.07015229701874492,-0.13641351990641104,-0.08482688997103012,-0.10589170324047559,-0.12931067018483883,-0.09396150794420284,-0.13105581410230066,-0.10873041839775445,-0.13838497629229612,-0.18065804986330358,-0.16401716768325827,-0.13509669077367267,-0.13222541342478344,-0.15249579803841037,-0.16242146685515887,-0.13814187513233164,-0.1656793937537953,-0.14648121543926876,-0.12604348838014817,-0.05979140090795733,-0.1375100693942389,-0.08749642772402585,-0.08058237469517515,-0.11496867005617975,1050.0
0.0,-0.021138348550317432,-0.07502425061510587,-0.02838523559031453,0.0820225657349692,-0.04924747027535816,-0.09213465658256333,-0.0957648549929374,-0.08464680803239051,-0.1108131032277574,-0.08100008727735741,-0.04771813309078647,-0.07025198786084777,-0.138347447303551,-0.08507872688633314,-0.1065597482291902,-0.13069060038895247,-0.09485872347431137,-0.13129844555220882,-0.11009504343230087,-0.13972387807537542,-0.18240367645102432,-0.1663879725157022,-0.13699477702004204,-0.1347272845817749,-0.1551982080760342,-0.16494169604948153,-0.14075377893287686,-0.1684001893829721,-0.1495527493552066,-0.12835931705249762,-0.0632683033206185,-0.14129881538816033,-0.09035817124694082,-0.08438402191776957,-0.11871824613083025,1060.0
0.0,-0.021473983817204355,-0.07593242776746789,-0.02743492552207694,0.08147909230754363,-0.04918213810686972,-0.09325871752428268,-0.09632469446602433,-0.08594714791281377,-0.11088002433116764,-0.08168772925070097,-0.04661998617415313,-0.07029515863075401,-0.14022422935868917,-0.08528250607976129,-0.10716400329890248,-0.13198584112837064,-0.09569651368236487,-0.13149464176437037,-0.11139477628270587,-0.1409839295129905,-0.18405217465720475,-0.16869558560343637,-0.13883623568187234,-0.13714391348931992,-0.15778211638473644,-0.16738670442257222,-0.14329619477259062,-0.1710394849846297,-0.15252082589592805,-0.1306081860881849,-0.06665751006309299,-0.14497132742852592,-0.09316626968587492,-0.08810968547661648,-0.12238412934103209,1070.0
0.0,-0.021753531242301703,-0.07677118807815066,-0.026449749189366774,0.08101668190234271,-0.049078293355583696,-0.09429317493716616,-0.09685932350597307,-0.08716010735515416,-0.1109040585779842,-0.08234243236493885,-0.04550933225551228,-0.07028218131717694,-0.1420455608571648,-0.08543892572157052,-0.10770418891525914,-0.13319722322543495,-0.09647560605352812,-0.13164597940284292,-0.11263142326145818,-0.14216603770332167,-0.18560524385318983,-0.17094336964661028,-0.1406222613624319,-0.13947823600057194,-0.16025056911400312,-0.16975818140141363,-0.14577030077026398,-0.17359857864310704,-0.15538688971415232,-0.13279113851943553,-0.06995909780403567,-0.1485291847402434,-0.09592042298733285,-0.09176222058049455,-0.1259665179127674,1080.0
0.0,-0.021994131626894196,-0.07756119871162342,-0.02544088421516133,0.0806104629742055,-0.04894738497813172,-0.09526491820005048,-0.0973760920249446,-0.08831167911209703,-0.11089848417424569,-0.08297387972542417,-0.044390876651728056,-0.07023033733725456,-0.1438272934275099,-0.08556249205734971,-0.10819947676311696,-0.13434964381614423,-0.09721350437542825,-0.13176633941490362,-0.11382365228339926,-0.1432933198975846,-0.18709119972326002,-0.17314845589272754,-0.14236864662699583,-0.14175414321256954,-0.16263753457203664,-0.17207709269288995,-0.1481953013049356,-0.17610027216419305,-0.1581802187396201,-0.1349268501321081,-0.07319737959901798,-0.15200502797317525,-0.09863497848292103,-0.09536167316503526,-0.12948825604341582,1090.0
0.0,-0.022253298335231847,-0.0788574299879549,-0.02326103956689872,0.08011098954918265,-0.048499761453462055,-0.09685254476449998,-0.09830869802423063,-0.09026371524437338,-0.11071947551396331,-0.08410731504712173,-0.042101674947645946,-0.06989802168209532,-0.14718029134462482,-0.08562077480987115,-0.10892296810542687,-0.1363172557090289,-0.09845460175602276,-0.131837194123963,-0.11596640793150417,-0.14523584668160405,-0.1896869820800662,-0.17734694349487123,-0.14564607393105028,-0.14599717708659632,-0.166966795102025,-0.17643028386597,-0.15277737184882648,-0.18078782569049143,-0.16336260775595995,-0.13893855316587148,-0.07931629404164958,-0.1585023077557112,-0.10384140984910181,-0.10229057160611897,-0.13619272069423016,1100.0
