2004.0,2023.0,2010.0,2002.0,2006.0,1994.0,2003.0,2020.0,2018.0,2017.0,2001.0,2009.0,2011.0,2000.0,1992.0,2013.0,2007.0,2015.0,2014.0,2005.0,1991.0,1995.0,1996.0,1999.0,2012.0,2022.0,1997.0,1989.0,1988.0,1993.0,1990.0,2008.0,2016.0,2019.0,2021.0,1998.0,Pressure_db
-0.7526478858796043,-0.5512147177554316,-1.708340018411063,-1.2643084605651982,-1.512777991834233,-1.3840866326962378,-0.9575011454265838,0.05689070895755378,-1.3001549644953518,-1.0024922721824059,-1.3125439486395243,-1.9157777993131009,-1.5050089790286194,-1.6129173323315047,-2.195189447803703,-1.6605149786452122,-1.0972126177361938,-1.1315417685136635,-1.2357590757051211,-0.8397718716264324,-0.9083237087214842,-1.2473802842902815,0.192195354563041,-2.127966871977613,-1.9819613351985823,-1.2276909567796044,-1.677889681833451,-0.8228469664443421,0.0,-0.9275242586190316,-1.9175100825682172,-1.2647724963182314,-0.8575422783987371,-0.6728935550549568,-1.2747680778351436,-1.7783791432667384,0.0
-0.7783471326344048,-0.5965674350044269,-1.5482778428589294,-1.1951910780347677,-1.3934766572116264,-1.220843549048068,-0.9297713909918821,0.05902595336973006,-1.282659537406197,-0.9608762813613824,-1.216782034709538,-1.7764651434118262,-1.374163103094339,-1.4257809282771854,-1.961828217275283,-1.5108934822265379,-0.9912049548925914,-1.077488415045343,-1.1472524611351822,-0.754195038332297,-0.9329367427680116,-1.1608396849255032,0.015632985167288817,-1.8784919082400309,-1.7263526923189698,-1.1557151052673755,-1.5459748478341504,-0.7294834954390308,0.0,-0.9777712160794638,-1.7374460691701454,-1.1936434941611682,-0.7470565784709857,-0.7192988878847727,-1.1893890299412173,-1.6730109214447395,10.0
-0.7972131695313796,-0.6241099178985111,-1.4785466264330256,-1.169042222257974,-1.3432875002090479,-1.1469543498456678,-0.9226662015109592,0.06061161221496005,-1.28340546609671,-0.9469089475737194,-1.1772183141987638,-1.719006862512914,-1.3179844586196934,-1.3413415811082563,-1.8577952660755541,-1.4462283450175917,-0.944745535868072,-1.0581243794912316,-1.1109059241623154,-0.7163498987363639,-0.9524257786368807,-1.1253963721087958,-0.07405094628764496,-1.7657787559886375,-1.60935890473981,-1.1277393452910789,-1.4904520031273816,-0.6874261928197727,0.0,-1.010636966142466,-1.6588390841589757,-1.1664733910376626,-0.6964666327017008,-0.7482187454283192,-1.1548183958997564,-1.632064678639017,20.0
-0.8233711806977732,-0.6580287734684191,-1.419567338245813,-1.152197025642475,-1.3033610849284227,-1.0806816487721151,-0.9236129193453081,0.06211764809758025,-1.2948932644569342,-0.9409635624381707,-1.1469666751554388,-1.674061899739786,-1.2720164463018955,-1.2663075173446192,-1.7669461868454113,-1.3927971718394836,-0.9056891832640981,-1.047462509014479,-1.0835795831396324,-0.6838106481623154,-0.9805313924339835,-1.098798221153196,-0.16638736104459295,-1.6659620297782827,-1.503402788818152,-1.108531697207622,-1.4459607402659345,-0.650338111943981,0.0,-1.0525314486186177,-1.591881266399777,-1.148669334041862,-0.6509292787450374,-0.7842922582128549,-1.1294218238585942,-1.604154162462951,30.0
-0.8551617868220952,-0.6976541339223834,-1.3660053327800115,-1.1409848709551627,-1.2693754245164122,-1.017754654000851,-0.9302799205466775,0.06253402861200891,-1.3133130986576873,-0.9405736337596674,-1.1226308186504226,-1.6352784031312078,-1.2322258820099343,-1.1957303946215794,-1.6824562597072807,-1.3460389864078626,-0.8713120793994339,-1.0426524447216157,-1.0621446951552769,-0.6541124137371191,-1.0150921211126873,-1.077655266825168,-0.262528902679171,-1.5731637553876456,-1.402490439419191,-1.0945750659163556,-1.4074463043283438,-0.6159016723576957,0.0,-1.1009593929407069,-1.530421523410299,-1.136666163308214,-0.6081713324329211,-0.8263752831098511,-1.1101521487324475,-1.5842830147765161,40.0
-0.8884880264571944,-0.7405372320208167,-1.3104865842635502,-1.1293699435831082,-1.2348603571591639,-0.9525161551626687,-0.9383526676874048,0.06039768063814838,-1.3320394225102101,-0.9409975631773532,-1.0991203655520771,-1.5936755197253367,-1.19290225671156,-1.1234338482382635,-1.5954168346890345,-1.2990688549809546,-0.8379103203991134,-1.038939375061104,-1.0419334761819483,-0.6238771438228164,-1.0514148836297823,-1.0569451208549492,-0.3617825522361868,-1.4793100233299987,-1.2992744339770204,-1.0804331126155176,-1.3674078190749808,-0.5807308591099243,0.0,-1.1507653571964631,-1.4661625362418549,-1.1249530200362976,-0.5655513070951291,-0.871095775588604,-1.09241462056356,-1.564705404860986,50.0
-0.917658693829009,-0.7826526338498616,-1.2456098758634229,-1.1104220631609631,-1.1929824532628097,-0.8795953630587887,-0.9422684355631645,0.05433937949882298,-1.3424275933636576,-0.9368047746101876,-1.0708191136254703,-1.5399407427037857,-1.1481406429755816,-1.0438472811035633,-1.4974067563407043,-1.2444672585872698,-0.8016953317859573,-1.0306267446500523,-1.0175430623594643,-0.5898846539549276,-1.0832791846782897,-1.0306958872273262,-0.46058299683500753,-1.3769549917851347,-1.1876010482074681,-1.0600938159655497,-1.3179095389351208,-0.5419777240338143,0.0,-1.1948401966978361,-1.3909353916633147,-1.1072675630531814,-0.520925590891345,-0.9133494093761408,-1.0712461033018505,-1.5366076040477294,60.0
-0.943434817346901,-0.8247699617587744,-1.1743502813772175,-1.0860090151349135,-1.1465168351306707,-0.8011544297913685,-0.9433161573752504,0.04353766945282215,-1.345624633106332,-0.92960689906227,-1.04019836627544,-1.477384286421027,-1.1012512816651696,-0.9605089646933506,-1.3928712916287176,-1.184716947582617,-0.7654103538683196,-1.0198025514269062,-0.9915904113725924,-0.5540223669760731,-1.1121529202767448,-1.000859790591016,-0.55709730827053,-1.270725070652565,-1.072035756522952,-1.0358813546280603,-1.2617677628531654,-0.5017921905314238,0.0,-1.2339912794821017,-1.3083358618399161,-1.0857776892602629,-0.4767793653042205,-0.9538074914628321,-1.049972943296477,-1.5029217662142822,70.0
-0.9664827850021951,-0.8675944217795116,-1.0989596632053273,-1.0575906738375682,-1.097623510502258,-0.718534284849549,-0.9425097279143674,0.027261781293218414,-1.3425080699509655,-0.9206902680477688,-1.009324619879284,-1.4086009386473988,-1.0548527654787507,-0.8761399332166175,-1.285257449408149,-1.12161516307529,-0.7312389117128975,-1.0081505658196126,-0.9661648139216608,-0.5177760203819218,-1.1387358017461624,-0.9683978410190278,-0.6487544605371399,-1.1641233899466146,-0.9560730972133586,-1.0096658346057,-1.2014974511433691,-0.46189194335309186,0.0,-1.2688094073655891,-1.2218141959757836,-1.0621958951009869,-0.43508527723153084,-0.9930778195196537,-1.0313303024043623,-1.4655122691059723,80.0
-0.9849240046824143,-0.9094966944960297,-1.018637173168541,-1.0239444708319494,-1.0454481780289977,-0.6312165570489479,-0.9383985421146823,0.005283998211557081,-1.3309145874640844,-0.9089402757539691,-0.9773459016234342,-1.3326418790724437,-1.0083569847060847,-0.7909304060246357,-1.1743463710846598,-1.0539542989103885,-0.6990597839612814,-0.9944438035009245,-0.9404127832204896,-0.4810330293477906,-1.1608305339458111,-0.9314537675634411,-0.7312186091997431,-1.0571284763862872,-0.8403255479100943,-0.9805817686208493,-1.1364156917356831,-0.42263087581937103,0.0,-1.2968054281425718,-1.1314391682187341,-1.0354688900064415,-0.39637972359769585,-1.0292637761196861,-1.0150849380235378,-1.4222179255113934,90.0
-1.000392773912676,-0.9520234187211745,-0.9365970787291565,-0.987170860965767,-0.9930571280968209,-0.5419209216417323,-0.9326920413186935,-0.02186041159224514,-1.3141464204107225,-0.8966624145491334,-0.9466562870709009,-1.2540392865635102,-0.9647416679422391,-0.7081983111894987,-1.0644809347148276,-0.9847359166402119,-0.6707727345679416,-0.9809890615802259,-0.9166701443108735,-0.4454622546200205,-1.1802750542388012,-0.8917954856462793,-0.8025518102796428,-0.9537348535890211,-0.7286143658954707,-0.9514450388570038,-1.070432629849061,-0.3857948645567155,0.0,-1.3203498050854665,-1.0415694587872408,-1.0084970161064377,-0.3624045346616819,-1.0641411247925359,-1.0043629724626626,-1.375989113808751,100.0
-1.012851189398431,-0.9951776756601947,-0.8537309009004068,-0.9473422102220243,-0.9412100676158368,-0.45188110586191815,-0.9254174892189876,-0.05357012892516472,-1.2930199969862335,-0.8844028068149656,-0.9175707660078232,-1.174378617330309,-0.9247286437600929,-0.6292275208903287,-0.9570414521341496,-0.9146432085213145,-0.6466579180990913,-0.9681494191882988,-0.8953203878613908,-0.411560183516062,-1.1971087151750919,-0.8495512235199899,-0.8604168472920518,-0.855065924804026,-0.6224411039698524,-0.9229862848328819,-1.0047179473595165,-0.3521162799019809,0.0,-1.3395742953836531,-0.9537350052779615,-0.9820661876083802,-0.3338284253708922,-1.097528443687569,-1.0000279117291475,-1.3266544160564655,110.0
-1.022215659625078,-1.0379847435367102,-0.7710012458923552,-0.9049568209905638,-0.8906629912853059,-0.3622752849779243,-0.9166773760976065,-0.08881592982508288,-1.2683691021221635,-0.8724228913476609,-0.8903118390063542,-1.0951113469689464,-0.8879555434184261,-0.5544152625131442,-0.8528594673136792,-0.8451227586634553,-0.6261703352631786,-0.9560385566360962,-0.8762902694543245,-0.3796274995170357,-1.210975668666864,-0.8049714150879278,-0.9031799336449047,-0.761599059779079,-0.5229484237652334,-0.895385495579189,-0.9395894861620422,-0.32190764356800866,0.0,-1.3543668466356589,-0.8686320068741659,-0.9562550072446101,-0.3106050215134856,-1.1286766684662768,-1.0012659035335318,-1.2735493612243174,120.0
-1.0308070062773853,-1.082053744953729,-0.6908834236417449,-0.8625022413624863,-0.843914396909481,-0.2749641330871965,-0.9086556597597154,-0.1269024645953487,-1.243829816864467,-0.8629163330848427,-0.8668798843842243,-1.0198848831980358,-0.8560376499769549,-0.4853762272654875,-0.7543825491027621,-0.7792998560350874,-0.6101786773169272,-0.9469037181285226,-0.8614589533629491,-0.3507152716557624,-1.2244086676873958,-0.7605233766446853,-0.9324516859136027,-0.674920404635864,-0.43210566326721395,-0.8707881006613516,-0.876916545842275,-0.29596154839115685,0.0,-1.3680371253557495,-0.7885746015038118,-0.9332506532963027,-0.2932896524220807,-1.1596950977975669,-1.0095401439202367,-1.219044059068543,130.0
-1.0400230954654341,-1.1283816300148997,-0.6144143949739396,-0.8212261251299631,-0.8020068855893074,-0.19086878729378506,-0.9025671052090837,-0.16738275011682174,-1.2215509964428377,-0.8571193785897825,-0.8480395732153436,-0.9505839545457385,-0.8295021347983195,-0.4225890634195388,-0.6623970160069503,-0.7188337809237516,-0.5988478837006206,-0.941964068896752,-0.8517242625215654,-0.32523387186595426,-1.2386617372811104,-0.7176996096378484,-0.950141260145148,-0.5949515347366852,-0.35055591748161524,-0.8502576364863031,-0.8174359798106717,-0.2740907109161955,0.0,-1.38290485182046,-0.7144320905773132,-0.9141199533049464,-0.28196734163285275,-1.1918795577223438,-1.0254744395059154,-1.1643507649210965,140.0
-1.050196271483077,-1.1770507679708617,-0.5415786255888224,-0.7812759139147413,-0.7649371119242698,-0.11042308285703076,-0.8986329337084847,-0.20992455974598714,-1.2022156447631962,-0.8553276208016943,-0.8335687221073318,-0.8876871566828388,-0.8079349831008317,-0.36580001774647886,-0.5765586055287492,-0.6642527737838032,-0.5917293842882929,-0.9414211230844881,-0.8470642118168509,-0.30312827683157273,-1.2537768378291767,-0.6771608265549395,-0.957717944295775,-0.5203985026910418,-0.27817514652009956,-0.8338693641804237,-0.7608866082045571,-0.2557834127032371,0.0,-1.399537322912616,-0.6460278061300562,-0.8988834475802363,-0.27641566458405314,-1.2254487439905437,-1.0487183167593792,-1.1097069340057906,150.0
-1.05901801612514,-1.2251792076833978,-0.4710615029791758,-0.7408477284382841,-0.7307948944790043,-0.03390856155763707,-0.8948251635378558,-0.2537201146693628,-1.1834959895467263,-0.855750881785493,-0.8211914829674579,-0.8294928352717799,-0.7890054709828104,-0.31393676269583015,-0.4951988322076058,-0.6144577832460616,-0.5869950774508637,-0.9431703735571727,-0.8453992216553093,-0.2836229312535688,-1.2667536042009728,-0.6378687541668253,-0.9543708865504736,-0.4488046283084771,-0.21424997948489022,-0.8195955539414991,-0.705081891500742,-0.23991621107036,0.0,-1.4151829743546278,-0.5819578649578919,-0.8853742823726999,-0.2757955375500864,-1.2575375273770708,-1.0764035076145004,-1.0528307458654922,160.0
-1.064795895384345,-1.270413463021766,-0.40277212877989954,-0.69929995511119,-0.6980134640494209,0.03787450180577409,-0.8896882425602417,-0.29796965856080865,-1.1637291349320664,-0.8567784006863151,-0.8092551879359446,-0.775025570716755,-0.7711967863944643,-0.26653392478969634,-0.4176317468818584,-0.5687335287507942,-0.5831700376105642,-0.9454397168797215,-0.8451710144561234,-0.26623684114719703,-1.2754503559298371,-0.5994073359253422,-0.940248756843027,-0.378857453918044,-0.15818817612672118,-0.806042218062671,-0.6490340385183885,-0.225631933864376,0.0,-1.4277733317817545,-0.5214208732882369,-0.8718696531333188,-0.2791621756992592,-1.2861738004762142,-1.105899770377162,-0.9926694937192854,170.0
-1.0681526370576766,-1.3130959231229764,-0.33767033253234396,-0.6576307896384729,-0.6667017444863639,0.10397971473631881,-0.8837829778890184,-0.34242793665971766,-1.1438353092416786,-0.858666458822175,-0.7978570886869496,-0.7251388530940358,-0.7547373784484033,-0.22384881255824052,-0.3443137126657949,-0.5277023390460153,-0.5801281741528569,-0.9484506988959227,-0.8466867181252679,-0.2511606931879782,-1.2804812191604615,-0.562664261233046,-0.9177972006458208,-0.31096789436746175,-0.10989510986297465,-0.79363345468308,-0.5939242907727963,-0.21268654862680855,0.0,-1.4381424797473545,-0.46496981050407177,-0.8586107578086,-0.2862055654697916,-1.3121232168075294,-1.1368741016395087,-0.9306516672986078,180.0
-1.0692383384428512,-1.3531379498871,-0.27630367428852054,-0.6163637083637841,-0.6365957573393637,0.163675836877876,-0.8772480119570225,-0.3867262172270339,-1.124140010087557,-0.8613075544013495,-0.786712756421181,-0.6801733171598916,-0.7394764450063849,-0.18589737055170674,-0.2753100856349503,-0.4915935071103745,-0.577508241241478,-0.9520283456418313,-0.8498840014042239,-0.23841666098732014,-1.2819561542284765,-0.5281085096376847,-0.8889142910573531,-0.24530326013145792,-0.06908841171625002,-0.7824039788516759,-0.5403801526898824,-0.2006502134443718,0.0,-1.4465630879367188,-0.41290438604869373,-0.8454311724298351,-0.2965389019131742,-1.3356411676827802,-1.1688369076271805,-0.8676521864742546,190.0
-1.0679636830121335,-1.3902270809962576,-0.21903186438920388,-0.5757863209957087,-0.6072734315551007,0.21647729787866005,-0.8700149524572255,-0.4303937420808102,-1.1046860569012042,-0.8644289110997678,-0.7754002225156333,-0.640250553766207,-0.725094610921618,-0.15260631568217614,-0.21053274309544678,-0.46047113880611656,-0.5748482870728889,-0.9558180145721524,-0.8545339278193983,-0.22795196384332805,-1.2797583853810144,-0.49595168765903774,-0.8552371965126018,-0.18210671243148868,-0.03544488396033574,-0.7722125800591115,-0.4888307000620601,-0.18888201997916934,0.0,-1.453100992349777,-0.36511684026820795,-0.8319796781159874,-0.3097151314350843,-1.356722800751113,-1.2011662342357408,-0.8042233935117249,200.0
-1.0632540566459856,-1.422755734386763,-0.1660151238907893,-0.5355594581733711,-0.5777373660135764,0.26182661812397207,-0.8612229808664951,-0.4725660240525625,-1.0845503631586018,-0.8670056113278192,-0.7628659713132492,-0.6049285209033729,-0.7106459326300569,-0.12377230258457707,-0.1497422047971382,-0.43400102714859373,-0.5711554792160782,-0.9585115312121152,-0.8596365338576433,-0.21952608326716427,-1.2725835776516672,-0.4659607159015122,-0.817470464034227,-0.12197079846723168,-0.008655430180575284,-0.7622317398689095,-0.43929596138824145,-0.17656526029924904,0.0,-1.4563594222422493,-0.32138757098110154,-0.8171748975477996,-0.3249622177009835,-1.3741163413242021,-1.2322799207800703,-0.7400254885951729,210.0
-1.0544467470335477,-1.4494531479867654,-0.11744285554682685,-0.49522841536835244,-0.5474651626808389,0.2995600110240003,-0.8501798551076851,-0.5124805894706849,-1.062811870344726,-0.8680844401176112,-0.7483252761336274,-0.5730741658361401,-0.6953769994729414,-0.09883536025834035,-0.0927898349354862,-0.41132829519102976,-0.5655804082019217,-0.9591017236000251,-0.8641185628366582,-0.2127020279663944,-1.2594852206528742,-0.4377433891841882,-0.7764138827214856,-0.06568101576498216,0.01205742361827346,-0.7518697752641023,-0.39196930037140176,-0.163329326394086,0.0,-1.4549602977935292,-0.2816281109501531,-0.8004327780460717,-0.34131032007040035,-1.3868866879888062,-1.2604752687225527,-0.675064843949814,220.0
-1.041733400895182,-1.4703760280359364,-0.0735922275373149,-0.4548432443443356,-0.5163981505099844,0.32967280025397383,-0.8369060669310637,-0.54974918367508,-1.0394399232556208,-0.8674174485855983,-0.7316936667974817,-0.5439804576111922,-0.6791151920595278,-0.07741353241488733,-0.039588682953395626,-0.3919506841844254,-0.5578208429855814,-0.9574118655288154,-0.8676098217924839,-0.20724048945019646,-1.24061687335547,-0.4113268438190373,-0.7332066045930106,-0.013736283672129713,0.027503780747631268,-0.7411682149697791,-0.347336654392116,-0.14900580951014145,0.0,-1.4487623128005798,-0.2457941742397293,-0.7818303827955032,-0.35805068785077526,-1.3951946005770341,-1.2850498621115545,-0.6101233620870254,230.0
-1.0251245724820894,-1.4853530104595216,-0.03461284633459322,-0.4143785741691634,-0.4843816691185576,0.35233531688783065,-0.8212809284772912,-0.5839285646117264,-1.0144140932695636,-0.8646288355781746,-0.7128574535145515,-0.5169602160462595,-0.661577014519341,-0.05911898630849601,0.009968441339119699,-0.37510861009736096,-0.5477793434159411,-0.9528205240839349,-0.8693944292389657,-0.20266940779998727,-1.2159333713622404,-0.38666919157388424,-0.6887159192989403,0.033673457426517645,0.03847594616070157,-0.7300470572932763,-0.3056512686383467,-0.1335118805098526,0.0,-1.437551250334562,-0.21380082619407276,-0.7613086596772219,-0.37445174347711063,-1.3989709794404808,-1.3052917647880953,-0.5457289116631826,240.0
-1.0047784131423678,-1.4944080539196207,-0.0006173578040491793,-0.37386644865497953,-0.4512291164094451,0.36800387589472466,-0.8030405730509946,-0.6146609514540189,-0.9878077623878522,-0.8595391734328541,-0.6918492242582097,-0.49146054854045046,-0.6425736369828252,-0.04358674355174891,0.055976458957384796,-0.3601173770797714,-0.5354945474466213,-0.9447958224187367,-0.8686423431283398,-0.19846657345403274,-1.1857579386972654,-0.36369568738404695,-0.643662490880394,0.07667201027325332,0.045741981760217494,-0.7185250645858978,-0.2668734607195855,-0.11696695311907905,0.0,-1.4212585882076496,-0.1853828764723421,-0.7389465854490602,-0.3901060463066758,-1.3983348132272522,-1.3208839546395554,-0.48254226994026744,250.0
-0.9809137713511318,-1.4978648519755344,0.028684623834917714,-0.33365761538482586,-0.4169449524818796,0.3773264641362309,-0.7821994369679299,-0.6415982198252916,-0.9596385081416405,-0.8521529310955572,-0.6688223354414424,-0.46706539585902573,-0.622080341231546,-0.030465054448102283,0.09853745022220832,-0.3463649061079549,-0.5210381877052647,-0.9333567493555526,-0.8650078694464565,-0.1944098542338629,-1.1504771985939202,-0.3422716796014979,-0.5986479140298537,0.1154378025359293,0.049848513646642764,-0.7067103166143575,-0.2309588698309541,-0.09949171572785465,0.0,-1.4000302396221729,-0.16043942976299544,-0.714900218932327,-0.4047803683633151,-1.3934963578522734,-1.3316821558372933,-0.42119402826300617,260.0
-0.9534487958818062,-1.4957370907670389,0.05357890506447302,-0.29424468534378323,-0.38162605847886705,0.38102161025742015,-0.7587896524031652,-0.664391920625507,-0.9296579496718809,-0.8422574995284414,-0.6438147942688633,-0.4433978885789884,-0.6001349592180382,-0.019703937147570565,0.13773834986508113,-0.333201992175578,-0.5043494324940657,-0.9184724593598317,-0.8582884752393979,-0.19030845777499644,-1.110379568723622,-0.3219924673011426,-0.5538898821619269,0.1502264477294902,0.05113774289319314,-0.6945844794061036,-0.1976836966987569,-0.08130691760192067,0.0,-1.373898725859718,-0.13875951813074192,-0.6891521661616409,-0.41812389024437413,-1.3842949382612355,-1.337296568911934,-0.3621929081609628,270.0
-0.9225293654825517,-1.4882043535839153,0.07436668654243918,-0.25604782532131865,-0.3454658096344774,0.3799288352682976,-0.7329634892764237,-0.6829849211649571,-0.8977795324136095,-0.829907934688699,-0.6170329144712567,-0.4202748946141812,-0.5768630426473694,-0.0110020483266989,0.17368501179138227,-0.32021348291454826,-0.4854255886365328,-0.9003542822779785,-0.8485577577842532,-0.1859737894149428,-1.0660872395903946,-0.3024932907567064,-0.5096751830822038,0.1813073362157788,0.050133214088031064,-0.6821695440460154,-0.166804634453911,-0.0627159500641883,0.0,-1.3430888739539089,-0.11996416532780595,-0.6618077282912763,-0.42969139253866595,-1.3707676983244101,-1.3377412496892975,-0.30599587983791315,280.0
-0.8884347093101873,-1.4755811898095241,0.0913519849298814,-0.21946514022075006,-0.30874985815936545,0.37494520224040284,-0.7050336596318368,-0.6974428972316312,-0.8641813124696843,-0.8153077459000462,-0.5887969541758004,-0.3976058616897981,-0.552444125757571,-0.003952008129645087,0.20648119144702767,-0.3071486508568268,-0.46448373973402296,-0.8793157170868009,-0.8359455203142869,-0.18121959153094502,-1.018236727264496,-0.28358460395674023,-0.4661976020452445,0.20898488343360966,0.04729862104542139,-0.6694267673860875,-0.1380746197097224,-0.043995800128337335,0.0,-1.30793519218852,-0.1036793188861871,-0.6330816650679596,-0.4393567200053013,-1.353240578333564,-1.3332993849920767,-0.2530801838706502,290.0
-0.8511829385006737,-1.4577265424859822,0.10481219030872682,-0.18482989025372007,-0.27167944514142095,0.366789153458135,-0.675118867201592,-0.7076587526588357,-0.8289325893847113,-0.7984056758759204,-0.5592552587911017,-0.3751843120838442,-0.5270201746150635,0.001854342302429243,0.23615430195403617,-0.29375852798478186,-0.4416050886033514,-0.8556730117976628,-0.8203273807444509,-0.1758056362592589,-0.9671193644806396,-0.2651641537016191,-0.4234168687263002,0.23339832594126073,0.043007883304965105,-0.6561077702407466,-0.11123350593814177,-0.025311217352981377,0.0,-1.268473104143269,-0.0895841015708855,-0.6030289770928922,-0.4469080488041884,-1.3316238789328287,-1.3237485690875914,-0.20376308788371197,300.0
-0.8108296930456522,-1.4343651652044351,0.11500829289646622,-0.15213385138392677,-0.23447716638743984,0.35615766671577753,-0.6433065909449438,-0.7134354218925988,-0.7920592782156691,-0.7790846222440844,-0.5285647280323258,-0.3527924852044413,-0.5007093181106866,0.006811378492414738,0.26266705954474573,-0.2797821790996699,-0.41683793535547714,-0.8296774312633056,-0.8015144489920402,-0.16959434050954814,-0.9129913302709466,-0.24714552731810852,-0.3813311008927108,0.25464902599039535,0.037641510128804206,-0.6419017974607459,-0.08604891044406834,-0.0068519130038331025,0.0,-1.224662746126062,-0.07737116459723713,-0.5717144103997249,-0.452073891849439,-1.3057109900821735,-1.30873625130302,-0.15837827401936413,310.0
-0.7675871906022675,-1.4052898155371392,0.12220727877235982,-0.12137661453271943,-0.19743030562697983,0.3436745732513981,-0.6097496400831092,-0.7145868201514737,-0.7536583092471437,-0.7572711202011393,-0.4969438806448008,-0.3302541106895613,-0.4736776227152666,0.011205478107915594,0.28594987879158723,-0.2649912332513175,-0.3902796302944407,-0.8014628936030105,-0.7793707054749608,-0.16248207432427658,-0.8562313430731926,-0.22945213419269817,-0.3401424902873315,0.2728419331537656,0.031595197860493175,-0.6265211206322839,-0.06250839583724928,0.01113328040060403,0.0,-1.176651130986572,-0.06676982329593217,-0.539263330130165,-0.4545857387234566,-1.2753602152533252,-1.287964495610785,-0.11717291072793268,320.0
-0.7217183336886486,-1.3702995323150193,0.12668604179036325,-0.09258949179970889,-0.16087366912159254,0.3298741246287518,-0.5746325780024935,-0.7109165090291979,-0.7138532934213615,-0.7328979764927258,-0.4646348371186813,-0.30741689580437814,-0.4461076951048438,0.015313637129723758,0.3058983256618981,-0.24918189639791274,-0.36206767056329336,-0.7710129015277891,-0.7537812256685107,-0.15437893340234607,-0.7972954127656551,-0.21200080050032497,-0.30007007799494917,0.2880282999319374,0.02527475809957231,-0.6096684484101078,-0.04061377986841063,0.028386358843073504,0.0,-1.1246351595206514,-0.05757073003654626,-0.5058296679256018,-0.4541655571699232,-1.2404333425347465,-1.2611382320735405,-0.08040951002616184,330.0
-0.6736031749465451,-1.3294511267413436,0.12874727526458138,-0.06577712968621147,-0.1251977178013491,0.3151420209431018,-0.538221687490736,-0.7022970060269205,-0.6728546544933909,-0.7059733026858224,-0.43201716132820567,-0.284184309389982,-0.4182315908040993,0.01939320725918827,0.32240930147429336,-0.23224766485604395,-0.3324167272902656,-0.7383933518066067,-0.7247129363860916,-0.14522966203704435,-0.7367757632691271,-0.1947667651621526,-0.26145195153083434,0.3002342463085181,0.01908988025214836,-0.591095751620975,-0.020345144217640835,0.04463177497188665,0.0,-1.0689756073712193,-0.04956983766098984,-0.47163807265609675,-0.45057940834751015,-1.2008757679166546,-1.2280958304015672,-0.04826064368821109,340.0
-0.6240130947907203,-1.2833336180252866,0.12874676826924736,-0.0411622554556551,-0.09084601963496303,0.299899047931042,-0.500991201300417,-0.6888574571546414,-0.6310567462097639,-0.6767456536232527,-0.3996193822592017,-0.26065469108443934,-0.39041035641528354,0.023669969594120006,0.3354803263458853,-0.2142064939038157,-0.3018978412322873,-0.7039193367434873,-0.6923832344654157,-0.13505327752108126,-0.6755397444126234,-0.1778213997861699,-0.2246950974892405,0.3094151593233169,0.013441431059010408,-0.5707498162363296,-0.0017456583271429655,0.0596300012933897,0.0,-1.010426463046064,-0.04257779904811465,-0.43698754355964897,-0.44374355912400376,-1.1570291873471124,-1.189166591735588,-0.020691188501823412,350.0
-0.5737761279866193,-1.2326235444630673,0.12702801311929393,-0.018848161974069827,-0.058438893439125346,0.2845383382588975,-0.4633153468021132,-0.6708377519580403,-0.5888106624654694,-0.6455244182041276,-0.367842897149144,-0.23701228605801647,-0.3629728666977719,0.028330640759597604,0.345137770460091,-0.19515812572240313,-0.2710937089210509,-0.6678548088692688,-0.6571848762998326,-0.12396753087254131,-0.6144451802057248,-0.1612345660497019,-0.19016433503835747,0.3155652692978117,0.008729838299909724,-0.5487776032862867,0.015163153403204925,0.07317950811082113,0.0,-0.9497583952817062,-0.036404581535410444,-0.40217147047983404,-0.4336786465236459,-1.109303616745891,-1.1449947185851501,0.002413443901038331,360.0
-0.5236875280696525,-1.178155547614586,0.1239676424605731,0.0011581670108064207,-0.028420979501987683,0.26932468792080666,-0.42564650439189483,-0.6486884910620856,-0.5466325914383203,-0.6125670296497715,-0.3370614246633514,-0.21347216182598314,-0.3360587579519539,0.03335674084551021,0.35148171422447516,-0.17530863198091895,-0.24058981839342727,-0.6305283020153246,-0.619709846167353,-0.11223510666863167,-0.5543811303330819,-0.14522744829275822,-0.15811967050390002,0.3188471392889804,0.005296900958047961,-0.5253791597058365,0.030401356449067374,0.08513560196918321,0.0,-0.8878216188231931,-0.030871850572337364,-0.36754919674593306,-0.42059735417634914,-1.0583064015348114,-1.0964256176105927,0.02132017284915311,370.0
-0.4745946327662071,-1.121073312623506,0.11991867883949847,0.0188666097397686,-0.0011898796722510335,0.25456891310976604,-0.388531980413223,-0.6231639618228544,-0.5052475699266764,-0.5783802369019815,-0.30766615210053694,-0.19034245812497877,-0.3099326592276783,0.03868569994165874,0.35479428912945826,-0.15507272383418047,-0.2109861563641115,-0.5925734712595738,-0.5808251437835437,-0.10015529106645593,-0.49631212743590053,-0.13001841119315113,-0.12880843571318285,0.31951334190214187,0.003166750134124223,-0.5009524747350956,0.044023895353032506,0.09543838103957737,0.0,-0.825764646545705,-0.025832038259341362,-0.3335888188652905,-0.4050269910299762,-1.0050674375733917,-1.0446942774923598,0.036392271431935755,380.0
-0.4271470608909094,-1.0623229601903441,0.11520789127323348,0.03433057725760601,0.02309932428245592,0.240496002501747,-0.3523940262561268,-0.594975404261351,-0.4652065369233871,-0.5435244678562335,-0.27989875081296955,-0.1678504675547881,-0.28477907645338185,0.044220456199907374,0.3553642054894883,-0.13482691050669215,-0.18273571713854245,-0.5544459658231568,-0.5412654551626851,-0.0879991031201282,-0.44097113517213016,-0.11575756813522492,-0.10235505759770576,0.31782029046832283,0.0022301243962451734,-0.47581127423434044,0.056115872070310595,0.1040739528902665,0.0,-0.7645166232389453,-0.021147017303449565,-0.3006419543534032,-0.38746859992638993,-0.9504425304570783,-0.9908477572134725,0.048041627388902636,390.0
-0.3818205605791788,-1.002788453069274,0.11013663363966669,0.047642848150048836,0.044420842455174414,0.22727857096264847,-0.31758830423155127,-0.5648132578203421,-0.42695235798207865,-0.5084915275149228,-0.25390912423862894,-0.14618597706210365,-0.260742352318403,0.049864165484330716,0.3535148392369036,-0.11490201906510572,-0.1561017838863948,-0.5165629369529308,-0.501694619058883,-0.07596735967350694,-0.388932709433001,-0.1025492248485992,-0.0787911830381047,0.3140513121702265,0.0023582373907547064,-0.4502485879787019,0.06678501206632938,0.11109596068475458,0.0,-0.7048844469491597,-0.01669847902948749,-0.26899993933403066,-0.36841071542447673,-0.8952784039528308,-0.9358615247439742,0.056703998685688387,400.0
-0.3388273172200389,-0.942969004370146,0.10493517522211805,0.05892284132084905,0.0628836009263985,0.21496904080318682,-0.28430839476464065,-0.5331553067672153,-0.39064388923258475,-0.4735464129283475,-0.22971347406445253,-0.12545921646900754,-0.23785212054961175,0.05550533782800681,0.3494786667314258,-0.09554351463617142,-0.13120142258528011,-0.47920439645789925,-0.46254132782257273,-0.06420295430517053,-0.3404924451176147,-0.09042599631318954,-0.05803839072581621,0.3084110523885603,0.0034136113107480492,-0.4243970488668118,0.0761288858156474,0.11657380022941541,0.0,-0.647329002954886,-0.012386630367320238,-0.23881469653353068,-0.3482026454287868,-0.8400702096088636,-0.8803330277818175,0.06279902945066607,410.0
-0.298392807269124,-0.8834883621707968,0.09981096077814117,0.06838006739747497,0.07865232949475814,0.20353835952592622,-0.2527587756591088,-0.5005454327148077,-0.35643578067955617,-0.43901293643675654,-0.20716558857483122,-0.10578393741452315,-0.21616612050606077,0.061038773651090554,0.3435596738191729,-0.07697495505843083,-0.10813272336684923,-0.4427041385788282,-0.42425696705754856,-0.05284447495420974,-0.2958272089063856,-0.07931937409900358,-0.039897351932003375,0.3012671268600224,0.005255182553285441,-0.39846156695966717,0.0841854402532453,0.12061791420464006,0.0,-0.5923160935115249,-0.00816317267809244,-0.21024750390160268,-0.3272350009804558,-0.78540647565632,-0.8249540288450707,0.0667108492366215,420.0
-0.2608566815412801,-0.8255055677950123,0.0949937807918953,0.07626559296151851,0.09197940089321928,0.19308311639616788,-0.2232550144575997,-0.4678234576926598,-0.32462365275538524,-0.4054716726649275,-0.18627956994646183,-0.08731041022435111,-0.19586512021812383,0.06638213963979216,0.3363109464338473,-0.05941477935520862,-0.08700880727947169,-0.4076430700154175,-0.38749923831852956,-0.04203910490785125,-0.2551905265905045,-0.06919861048809986,-0.024163490375531803,0.29314739056136124,0.007747408552846484,-0.37290927231278076,0.09107893915910821,0.12344732582671367,0.0,-0.540587622203785,-0.004065666750114209,-0.1835499336303235,-0.3060897296789222,-0.7323322477788812,-0.7708938505089475,0.06886823329982025,430.0
-0.22639066508140374,-0.7699482658689784,0.09065344214794874,0.08283115975292042,0.1031600315301281,0.1836685150896344,-0.19598478333260744,-0.43568531139835986,-0.29535999881370706,-0.3733703470695982,-0.16703176843211262,-0.07011309648684563,-0.17705838765116233,0.07148436540660474,0.32825771765668965,-0.04298172556441087,-0.06784298412463927,-0.3744560429094943,-0.3527494053935673,-0.03188209041345155,-0.21864319128953721,-0.06001804363431306,-0.01058456486708639,0.2845108231868338,0.010767044692638996,-0.34812592403639125,0.09695984139875753,0.12529846591761143,0.0,-0.4926447171372281,-0.00011513698178705663,-0.15886149338480385,-0.28525221004624723,-0.6816667847978379,-0.7190846927484824,0.06967008880451037,440.0
-0.19503194460437512,-0.7175459485300216,0.08691241717342142,0.08832145272693215,0.11251273666802813,0.1753429220353057,-0.17103155553400576,-0.4046950359829337,-0.26870152340395626,-0.3430426929630425,-0.14937571283286222,-0.05420258175998096,-0.15979988325827785,0.07632671176879556,0.3198927513036182,-0.02770606243622048,-0.05055914243911541,-0.3434550883660768,-0.32033820924923145,-0.022422494878902778,-0.18609874704815058,-0.051725902448422255,0.001117141363311979,0.27575180636694735,0.014209742370446728,-0.3244284603243918,0.1019961983161578,0.12642475829090755,0.0,-0.44879224866268713,0.0036837387837279187,-0.13623063494727009,-0.2651181745371689,-0.6340377024630723,-0.6702463857988886,0.06947526757147739,450.0
-0.1667200578009151,-0.6688855981464256,0.08385637859423671,0.09297534685235076,0.12037121859102713,0.16815559103006317,-0.14840033964001692,-0.37531198335735255,-0.24464366343075677,-0.3147368184988672,-0.13325779597308254,-0.03953650685143567,-0.1441061084879834,0.080926404972265,0.31168703202323605,-0.013552587124596865,-0.035031765203349864,-0.3148618447854021,-0.2904813227889074,-0.013668942987731938,-0.1573683348190418,-0.04427052632877643,0.011229893721222984,0.26721896378458354,0.01799599583126686,-0.3020858934069072,0.10637228856673252,0.1270982165068113,0.0,-0.40919486909404273,0.007340520046278448,-0.11563643476321073,-0.24599592946123977,-0.5899350242554068,-0.6249494747976866,0.06860142569927508,460.0
-0.14130326820964004,-0.6243641231871486,0.08153499169980746,0.09701776894687124,0.1270731676834854,0.16214715198070404,-0.12801688619193405,-0.3478615094071509,-0.22310998604118595,-0.2885934776229897,-0.1186066050190636,-0.02602133059645118,-0.12994308702188967,0.08532867190372563,0.3040580002611434,-0.00042657370119048813,-0.021092991140937024,-0.2887896235511133,-0.2632683157143285,-0.005592018734852476,-0.1321740659618331,-0.03759658295224298,0.020042427905669895,0.25919713845048487,0.022073901455376202,-0.28129226707266214,0.11027502129182774,0.1275710585410382,0.0,-0.37386667231101395,0.010875091528603031,-0.09698857530097993,-0.22808567862230184,-0.5496737513611334,-0.5835834545910573,0.06731827483997972,470.0
-0.1185455775645867,-0.5841300782010962,0.07996340520747909,0.1006449064146016,0.1329241843902851,0.15733501953148804,-0.10972989845543364,-0.32250243114043825,-0.20395613990494235,-0.2646221129831746,-0.1053209636817749,-0.013519702557511474,-0.11722186402634838,0.08959042457843897,0.2973270762316514,0.011813253148030589,-0.008544305713254395,-0.2652229887312325,-0.23865469265723893,0.0018688497161429177,-0.11016511305306241,-0.03164170012379708,0.027831294592541297,0.2518794325556907,0.026417034237903553,-0.26213464158960764,0.11387301237620735,0.1280548500392817,0.0,-0.3426574019993781,0.01432138562745485,-0.08013109042844867,-0.2114826301382393,-0.5133469389427898,-0.5463041788283637,0.06584037924409908,480.0
-0.09811737303595619,-0.5478971734076497,0.07909892271588223,0.10397575407595425,0.1381307971998144,0.1536495006101621,-0.09329671466550545,-0.29912411649569143,-0.1868995651173465,-0.24262575969183378,-0.09323820236843278,-0.0018696543510893443,-0.10577306340251635,0.09373510344999356,0.2915960190094633,0.023326055137324317,0.0028237615379361515,-0.24394323916766722,-0.21640714735266967,0.008790178808435668,-0.09091665843937363,-0.026328992048382138,0.034835307540723774,0.24526989431973803,0.031007631751564842,-0.2444997740768721,0.11725841190628754,0.12866218125660844,0.0,-0.3151620744954414,0.017715032689729668,-0.06483744401149633,-0.1961072803900043,-0.4806586750013305,-0.5128528374290532,0.06430377633537115,490.0
-0.07965849186536529,-0.5150218418247923,0.0788451323189274,0.10702885852553333,0.14279376030637467,0.15093213510421893,-0.07844784280902789,-0.27740503785516984,-0.17155409913109015,-0.2222722571607522,-0.08216909799180906,0.009075572387358819,-0.09537537551686924,0.09770963740661434,0.2867466202470502,0.034244834162232875,0.013193396472597168,-0.2246117874751337,-0.19615463583487372,0.01523915923559744,-0.0739921414820113,-0.021583756080185302,0.041232754109382534,0.23919208663237806,0.03581479365777061,-0.22813572671634136,0.12042775811536123,0.12939737457593153,0.0,-0.29079649874263674,0.021080282635811208,-0.05085799416113332,-0.18175981254741116,-0.45100161443495573,-0.4826332843716396,0.06277195559050154,500.0
-0.06288060731002701,-0.484975777476401,0.07911134567259405,0.10981623179503103,0.14698431181503685,0.14905772645902002,-0.06498044728015906,-0.25708917818947075,-0.15761548306414322,-0.20332254526424462,-0.07197776248687886,0.019416683704624484,-0.08585119134915256,0.10147273511268265,0.28268089348187797,0.04467358325161608,0.0226912491611418,-0.20696323364051197,-0.17758303463138542,0.0212944694103114,-0.05903936557672958,-0.01734935198065129,0.047162218162191384,0.23349833902342426,0.04079464739162371,-0.21285424639516942,0.12337423871670748,0.1302592703940415,0.0,-0.26908678972976685,0.0244370430142572,-0.03799393288907667,-0.16828555087896463,-0.4238933167022759,-0.4551678088014907,0.061296421297334015,510.0
-0.047561127864933335,-0.4573717351739674,0.07981608020231873,0.11234931647802664,0.15075964440218045,0.14792007820582337,-0.052715409020709536,-0.23798354490918466,-0.14484635221694903,-0.18558868957321212,-0.06254575894231103,0.029238145221334583,-0.07706851548127105,0.10504886941945142,0.27932678060062044,0.05469534392743499,0.03143780223370886,-0.19080013501568066,-0.16045933109458954,0.027021908695127453,-0.04576279525919292,-0.013550949934836057,0.05273451574043199,0.22813191823941503,0.045893833127442024,-0.19851848325210059,0.12612849689880468,0.131252851386554,0.0,-0.24965452866442064,0.027799890015603932,-0.026091533806910774,-0.15557181916869228,-0.3989755436560827,-0.43008471719798486,0.05990569973114212,520.0
-0.0334892862944574,-0.4317918863732145,0.08087010460516728,0.11462482715152071,0.1541222333130885,0.14739646522668745,-0.04147070145040703,-0.21987386629307457,-0.13303039451225887,-0.16887613433440596,-0.053777450708877746,0.0386049891302792,-0.06890420385426076,0.10843402006765773,0.2765538552792583,0.06436089879620652,0.03952628298399172,-0.1758963889710422,-0.14455903925822952,0.032460499341958556,-0.033899772880946574,-0.010121015460164851,0.058027158823516015,0.22299470707807317,0.051066896326385926,-0.1849745036006796,0.1286833575929427,0.13234421727521872,0.0,-0.2321275531564736,0.031171871101864163,-0.01501643236179115,-0.14349704403649832,-0.3758614721390708,-0.40699061437005335,0.05860754807989552,530.0
-0.020491105513140165,-0.40795443899557093,0.08220521043773749,0.11665542430703255,0.15710749624764433,0.14740228122982837,-0.03110861030097222,-0.20262624280580654,-0.12201909729980297,-0.15305351631543504,-0.04558116623349213,0.047567551521499586,-0.06127059103786371,0.11163694180012436,0.27428318749655034,0.07370845592122054,0.047031141955055436,-0.16207892683420663,-0.12972872143432684,0.03763754673935612,-0.023245749851401445,-0.007006466523383361,0.06310435096661332,0.21803626585763994,0.05627642961091734,-0.17212727405757544,0.131044719388919,0.1335162078979514,0.0,-0.21622832746101361,0.03456005946517322,-0.004663978133380856,-0.131980778774738,-0.35428852084434725,-0.3856128571661942,0.05741478851991271,540.0
-0.00842728542801413,-0.38567902652387337,0.08377000436874217,0.11848605437490409,0.15976486786418875,0.1478860796492262,-0.02151924093436362,-0.18615850413530238,-0.11171115778693265,-0.13803397066224735,-0.037889603286713994,0.05617206336113361,-0.05410388085540632,0.1146800276764265,0.2724817771760686,0.08277028263751361,0.05401883799077947,-0.1492261023140527,-0.11586022759594262,0.042581123408445026,-0.013635345628958656,-0.004163413254426583,0.06802467644947008,0.2132465829935808,0.06149703319410166,-0.15992285819853258,0.13323423544821997,0.134769350558034,0.0,-0.20174358655113592,0.0379746073173733,0.005053285358649601,-0.12097471907119837,-0.3340865891924023,-0.36577604869616226,0.05634486191240117,550.0
0.002821685918217409,-0.3647990000689814,0.08552051458482948,0.12015775168979059,0.1621338835591365,0.14880184322634937,-0.012606175456115634,-0.17039352505023833,-0.10201868100958633,-0.1237379000124614,-0.03064453675031374,0.0644587253364826,-0.04734741330617401,0.11758455916822631,0.27111347798485036,0.09157328414461774,0.06054572774864846,-0.13722891499516157,-0.10285684099540257,0.047317027877751015,-0.0049277613851562655,-0.001553181960560333,0.07283513251579181,0.20861477009274873,0.06670770183781152,-0.14830967958058033,0.13526844408040695,0.13610028777985053,0.0,-0.18848508752891827,0.04142429077816532,0.014212008406878127,-0.1104324675473376,-0.3151007325765012,-0.3473192559787982,0.05541020190098809,560.0
0.013358615007921714,-0.34516349019508313,0.08742016026870217,0.12170611465240036,0.16424734861392792,0.15010938242280747,-0.004284971166266757,-0.15526212020830932,-0.09286426934644405,-0.11009319546141222,-0.023795525176944957,0.07246307840595528,-0.04095097916622277,0.12037003189257299,0.2701424664277723,0.10014103480147343,0.06666428999819732,-0.12599063730904506,-0.09063263629134956,0.0518734788306031,0.0029967419267568343,0.0008583553906243639,0.0775738464501976,0.20413098008968228,0.07189193184188966,-0.13723937517763501,0.13716081919036022,0.1375083238051103,0.0,-0.17628854239938066,0.044918610493937916,0.02287943270176809,-0.10031039469318624,-0.29719231579434696,-0.3300975720543057,0.05461976667909349,570.0
0.02327065927748101,-0.32661065582015,0.08943207691866843,0.12315254550632361,0.16611950280089158,0.15176199220148728,0.003518229239337327,-0.1406921098023397,-0.08417288126859523,-0.09702666912279495,-0.01729880988124202,0.08021072723477242,-0.03486720294794195,0.12304470971402034,0.26951335358729334,0.10848635855150027,0.0724184539798036,-0.11541627081256091,-0.07910477298706997,0.0562712404288458,0.010239377980442234,0.003101166904623413,0.08226563779336044,0.19977089402844816,0.0770314060176959,-0.12665650647896215,0.138911805540548,0.13898041987557505,0.0,-0.16499799205243898,0.048464899668238276,0.03111237316917679,-0.09056033824390945,-0.2802154700021465,-0.31395616697500434,0.0539757146191323,580.0
0.032626024011642336,-0.30895369170040543,0.09151197347486412,0.1244965764304092,0.16773632290970744,0.1536955790788932,0.010864622567026971,-0.12660281265750367,-0.07586891297228267,-0.08445660073100764,-0.011115197524309537,0.0877096970169369,-0.029052864944261063,0.12559689636137442,0.2691351336894768,0.11660185913870018,0.07783297499999776,-0.10540839530238985,-0.0681923209662097,0.06051867794717826,0.016882033747854616,0.005200447068160497,0.08691636577794064,0.19548496887392883,0.08209847979677362,-0.1164951116362104,0.14049995822881728,0.14048255867839618,0.0,-0.15445753234905554,0.052061010633703386,0.03895294759905583,-0.08112861923072036,-0.2640072598807764,-0.29871591220705396,0.05347093699107112,590.0
0.04148087864843891,-0.29206433006703825,0.09363051851292382,0.12574736566863462,0.16910687215468226,0.15586588122912043,0.017804855591041897,-0.1129420511430245,-0.06789748702226042,-0.07232729548647507,-0.005214555156318621,0.09497011101947539,-0.0234716928501775,0.12802577441831323,0.26894946475785414,0.12449329610186191,0.08293393630284272,-0.09589422891622285,-0.05783241804728537,0.06462572596486185,0.022991584090334763,0.007177590817576627,0.09153412754061392,0.19124943447961185,0.0870742952421559,-0.10671012571271052,0.14191728584928967,0.14199505417513986,0.0,-0.1445517916287651,0.05570700888470168,0.04643636918736353,-0.07197816443469522,-0.24845810025870527,-0.28424967918809674,0.053103175232410656,600.0
0.049915602833529596,-0.2759987346586455,0.09582058335769898,0.12698510088647538,0.17034667490177785,0.15832777108215604,0.024399038541530863,-0.09972610332387244,-0.06024771308532785,-0.06062961931953346,0.0004286862525286736,0.10205976202110346,-0.01810347474426407,0.13040770571571644,0.269064116138751,0.1322432582009426,0.08779681630118628,-0.08686061697935014,-0.047999286632256964,0.06864082818707222,0.028640243253253487,0.009056394745637249,0.09618031683277672,0.18715780332419624,0.09199703602873237,-0.09732045666872387,0.14324192912405628,0.14358536559588794,0.0,-0.13526448845140213,0.059436884249550744,0.05362465749129226,-0.0631134168131443,-0.233615413532421,-0.27060886192571315,0.052902276006485296,610.0
0.0580158943456751,-0.2607682055772072,0.09811254246270323,0.12827536871618606,0.1715479857192912,0.1611246941951977,0.030718225068763406,-0.0869388477754371,-0.0528955254494537,-0.04933038044982051,0.005851960763902161,0.10904799190968505,-0.012919345455583521,0.13281980290456918,0.26956505634763844,0.13993612490190133,0.09249467217235555,-0.07826529458078013,-0.0386442520548094,0.0726093282314645,0.03390584867066709,0.01086158219999546,0.10090849491570773,0.18328740327801588,0.09690962716798833,-0.08831981468174376,0.144555729203777,0.14531225239393938,0.0,-0.1265580376798936,0.06328146254166303,0.060584710911797235,-0.054521663862317965,-0.21948453769138493,-0.2578021529915382,0.052881810379440605,620.0
0.06583275580252554,-0.2462082695938259,0.1004783676660608,0.1296007579850799,0.17269191537563172,0.16420261562542407,0.036812738426228446,-0.07449674757488181,-0.04578226043741377,-0.03835782113895992,0.011092728319003082,0.11594142704370353,-0.007881807437390488,0.1352535127917435,0.2703691787736388,0.14757011476183057,0.09704200315037786,-0.07001428476374796,-0.029690640047792826,0.0765321287246214,0.03884685603599314,0.012610655246377514,0.10571179697410168,0.17959306422258184,0.10180250216303065,-0.07963859636509475,0.1458465117489091,0.14714411406364641,0.0,-0.11831686223269704,0.06722919370166562,0.06734676683459473,-0.04614836666169731,-0.20592334829081668,-0.24566874589684887,0.053022219863108296,630.0
0.07340338037139187,-0.23217593883422075,0.10289109443187586,0.13094423052409462,0.17375621228889576,0.16750957542195097,0.04271918840762487,-0.06232794781546989,-0.03885848438133646,-0.027651976158085966,0.01618161141557732,0.12273590334663236,-0.0029609789754578377,0.1376946939153122,0.2713964617596247,0.15513606296226365,0.1014478496582424,-0.062033495241782935,-0.021076181436325093,0.08040662384971539,0.043509183298831515,0.014317746375784606,0.11057911238283967,0.17603260553803113,0.10666381556992618,-0.07121761194040903,0.1470985440674005,0.14904851546050757,0.0,-0.11044308098885045,0.0712671997991566,0.07393383289953057,-0.037947853381497726,-0.1928070947174078,-0.23406779069833197,0.05330555615962569,640.0
0.08076733599652904,-0.21858506882206324,0.1053423673172124,0.13230950128169755,0.17475096587736444,0.17102416131533,0.04847297315591574,-0.05038291337463444,-0.03208898250689405,-0.017167271294055063,0.02114828850802281,0.1294429652674808,0.0018666596017351091,0.1401493408682006,0.27261616711241243,0.16264598135360803,0.10573170719575538,-0.05427557350423585,-0.012751752856890775,0.08424187914700863,0.04793573829111828,0.015996757215957735,0.11551511257594455,0.17259632427639507,0.11150039464175987,-0.0630180322769433,0.14831860616222486,0.15101808430943248,0.0,-0.10287176200912342,0.07539348804212916,0.08037484807818243,-0.02988796796352153,-0.18005888624599958,-0.22291512471835861,0.053724338807574996,650.0
0.08796298573597273,-0.20536793968358352,0.10783059562808762,0.1337055602258192,0.1756947495758281,0.1747360383787109,0.05410737494066536,-0.03861858739757564,-0.025443232340894215,-0.0068630781100087156,0.026016927800087155,0.13608373916894792,0.006622636352842011,0.14262867480748284,0.27401319620129055,0.17011849763859943,0.10991638431721237,-0.0467004655458554,-0.004672986915842878,0.08805005892726653,0.05216517128424411,0.0176608857617897,0.12052955488909999,0.16928287222664348,0.11632412948241905,-0.05500695141966921,0.14951878888569783,0.1530530404765638,0.0,-0.09555077585728042,0.07961036156596457,0.08669905827986576,-0.021940314173573755,-0.16761758924928644,-0.21214553869596492,0.05427490077489609,660.0
0.09502063144876556,-0.19245269804971377,0.11035049913517109,0.13513390969867292,0.17659529804354454,0.17862911603252152,0.0596496935678721,-0.02699267671162405,-0.018891671768589486,0.0032987618491012983,0.030806548498113265,0.1426737500191788,0.011326724136771237,0.14513615135623265,0.27556147282351146,0.17756348544185066,0.11401749544862609,-0.03926921520795487,0.003200589190143726,0.09183914531556946,0.05622839290709419,0.019321363476530084,0.12562640190254426,0.1660825376424169,0.12114132365678076,-0.0471507563221364,0.15070249600820484,0.15514663960974298,0.0,-0.08842941925048885,0.08391716476382591,0.09292920756767124,-0.014076889809107,-0.15541914799716333,-0.20168980271585613,0.054952116243840485,670.0
0.10196302106087608,-0.17976904271593133,0.11289411076910563,0.1365910339397614,0.1774527554226464,0.18268332914921326,0.0651214565396388,-0.015466606992154021,-0.012407296000126118,0.013351887665470392,0.03553301476541913,0.14922147651707127,0.015996202576975902,0.1476695223470251,0.2772280625377746,0.1849833865080692,0.11804440808009714,-0.03194593514203525,0.010904286682823889,0.0956140032058374,0.06014939618907839,0.020987586269131202,0.13080483951532676,0.16298101278686022,0.1259535842511176,-0.039417650225318825,0.15186702294219073,0.15728732093391978,0.0,-0.0814607059077133,0.08831058644184321,0.0990817049924136,-0.006272084648999839,-0.14340148562679336,-0.19147976302980982,0.055750109030829706,680.0
0.10880893327702755,-0.1672551496247026,0.11545380527182784,0.13807271994934897,0.17826567704115365,0.18687957404968136,0.0705402076893026,-0.004007396307842069,-0.005966712721401235,0.023324725656541645,0.04020829295019398,0.15573242185635974,0.02064588501167561,0.15022538143592506,0.27898161267296856,0.1923781655522511,0.12200381645904268,-0.024699439776800544,0.018468048304613165,0.09937773188732872,0.06394740317670194,0.022667724342073876,0.1360627779020317,0.15996521111786172,0.13076116781866737,-0.031779842442546336,0.15300853978088608,0.15946343930957624,0.0,-0.0746041438222762,0.0927867438077944,0.10516930029556468,0.0014961277200494984,-0.13151020901589228,-0.18145521821523738,0.05666381873560111,690.0
0.11557571457205076,-0.1548609973559097,0.11802485468473603,0.13957746418087796,0.17903404815673124,0.19120382824619114,0.07592162710863964,0.007412535714216618,0.00044997663924598025,0.033241441720079964,0.04484219182170782,0.1622130328369676,0.025288784305054348,0.15280288313587215,0.2807987697557341,0.19974997668387126,0.125902973628168,-0.01750341967492508,0.02591740937615356,0.10313416900473313,0.06763908889626125,0.024369411776347192,0.1414001102169859,0.15702716250777665,0.13556609807027387,-0.024214097417725466,0.15412597038392092,0.161667040540997,0.0,-0.0678267504118431,0.09734327502415051,0.11120393869320144,0.009246371133058536,-0.11970114108499494,-0.17156757933104577,0.057690219733464394,700.0
0.12227806386024602,-0.1425443327550798,0.1206035065664612,0.14110438037420722,0.17975839183706313,0.19564377444002992,0.081279052064986,0.018816333474079162,0.00685986142572336,0.043122339726922795,0.049443602787757786,0.168668683654865,0.029936183980235082,0.15540121525948256,0.2826594818686042,0.20710048353987043,0.12974817643525682,-0.01033527562650426,0.033274063684495,0.10688658457530166,0.07123833841225542,0.026099103331954077,0.14681662053896624,0.1541609953080287,0.1403702854132875,-0.01670059854150155,0.15521842767885052,0.16389133486817736,0.0,-0.06110078539657741,0.10197796679477099,0.11719567066252991,0.016994412713822783,-0.10793696569039485,-0.16177568287311686,0.058827151250781126,710.0
0.12892764925340175,-0.13026933222749845,0.12318671519859004,0.14265241186329425,0.18043889924661677,0.2001843557256668,0.08662328893981054,0.030222781675109382,0.013277350975136942,0.05298380974929009,0.05401973764045731,0.17510278324496492,0.034597567260993126,0.15801448668229054,0.28454508532340334,0.21442893946477057,0.1335441867408929,-0.003175780115172704,0.04055601801462992,0.11063711892533927,0.07475626637904591,0.02785813035991019,0.1523077007260495,0.15135311976858887,0.14517465339646518,-0.009222709672590767,0.15628260203652702,0.16612885179487216,0.0,-0.054403606495325614,0.10668803651889157,0.12315217446879961,0.024753155760108673,-0.09618615171936916,-0.15204427877461635,0.060066184700213965,720.0
0.13553563181793157,-0.11800858681491247,0.1257736407157331,0.14422288482315046,0.1810787703068594,0.20481443730554755,0.0919643573038012,0.04164690882401416,0.01971449684582729,0.06283937181031433,0.05857703326327946,0.1815199210755634,0.03928127724194189,0.16063943436747566,0.2864431281043337,0.22173656726806815,0.13729672719737274,0.0039910364544477155,0.047778551964915844,0.1143887753441542,0.07820299777761208,0.029647501981979366,0.15787078211652872,0.14859409026346287,0.1499816329756558,-0.0017670834684895206,0.15731809361825547,0.1683739144186033,0.0,-0.04771794556248316,0.11147182566118176,0.12908107848403588,0.03253309509767599,-0.08442438384313998,-0.1423463302393655,0.06140013500003333,730.0
0.14211226751831013,-0.10574039615997256,0.12836456883973618,0.14581854038232708,0.18168301049302044,0.20952534164145095,0.09731131331549117,0.053100449257184844,0.02618090500016806,0.07269962773499754,0.06312103020831358,0.1879249470774696,0.04399454852164021,0.16327434131911267,0.2883451533749738,0.22902536814509766,0.14101179334514152,0.011178009786997515,0.054954517187534836,0.11814482517656873,0.08158764867290517,0.03146818679362693,0.16350430577638822,0.14587780351360663,0.1547963095640776,0.005677572645039164,0.15832610593604363,0.17062273904535485,0.0,-0.04103019184506684,0.11632809223893499,0.1349894862860904,0.04034257432300646,-0.07263296143425832,-0.13265988280830296,0.06282311296608324,740.0
0.14866110726410833,-0.09344462155029887,0.13095552574705224,0.14743744858704083,0.18225048176685194,0.21430182471996806,0.1026685987902471,0.06458960176266511,0.032682673402598554,0.08256873992005628,0.06765373611984477,0.19431512560108566,0.04874166073199007,0.16591217468122185,0.29023450336394374,0.2362892285418043,0.14468983218013054,0.018391853391167307,0.0620921666751865,0.12190397820119636,0.08491519995197983,0.03331975479166143,0.16920074652261557,0.14319531485266024,0.15961765127025143,0.013120263891958027,0.15930288002108395,0.1728662587248422,0.0,-0.03432843190020287,0.12125116644258392,0.1408784108608478,0.048186062020858025,-0.06079449929687631,-0.12296267040362768,0.0643276879185736,750.0
0.15518212838871628,-0.08110739259108844,0.13354176936386775,0.1490757131922465,0.18277694561964147,0.21912805091246101,0.10803682990648338,0.07611839564160106,0.03922326812705239,0.09244836417135098,0.07217311655803586,0.20068357684389526,0.05352440348526394,0.1685452629589641,0.2920951981490103,0.2435213376445992,0.14833006715859734,0.025635638582761258,0.06919549688960405,0.12566390977582093,0.08818901689688707,0.03520115530812186,0.1749511286801566,0.14053967058441613,0.16444169284562946,0.020566334463504136,0.16024468648242438,0.1750952804447025,0.0,-0.02760421226525936,0.126234055107827,0.1467466084115652,0.056063864639329074,-0.04889685386961724,-0.11323757532823817,0.06590654963517387,760.0
0.16168104401778954,-0.06872461900294705,0.13612599205136128,0.1507351620406773,0.18326765363902617,0.22400062912289206,0.11341995894859162,0.08769319814320871,0.04580508158926554,0.10234379442436489,0.07668140666967387,0.20703249431826215,0.05834518041879022,0.1711754212640249,0.2939291918708024,0.25072705388200794,0.15193712324391334,0.03291107742492302,0.07626957411059034,0.12942855643336906,0.09141647659337644,0.03711286868538015,0.1807555862520897,0.13791395470957257,0.16927072697948317,0.02801917495931331,0.161157379712776,0.17731151767244835,0.0,-0.02085357999632693,0.13127609282787833,0.15259873345469868,0.06397621806286435,-0.03693504548845061,-0.10347871979556154,0.06755631879341378,770.0
0.168171946157658,-0.05629667846742062,0.138717896298866,0.15242580396971953,0.18373699894050982,0.22892964043527678,0.11882756207692358,0.09932310129257406,0.05243223602352807,0.11226507460944507,0.08118576270221804,0.21337649694997113,0.06320834777168553,0.17381353398673552,0.29575643723084943,0.2579260501574519,0.15552407916081812,0.04022181798157377,0.0833232594839158,0.1332090821665992,0.0946099945352118,0.03905740536104268,0.18662478837713958,0.13533021960775835,0.17411506806192759,0.035483497346867184,0.16205647245781932,0.1795275007046693,0.0,-0.01407485126980103,0.13638421733086017,0.15844797708399017,0.07192846015346974,-0.024907887706701874,-0.09368845278589666,0.0692778193640385,780.0
0.17467073480155648,-0.04382314036839828,0.1413275196024736,0.15415671027627312,0.18420028691961396,0.23392795460966298,0.12427037653893587,0.11101852906477873,0.05910958935665007,0.1222236246312793,0.08569427294465153,0.21973493066771882,0.06811854097288884,0.176473513870273,0.2975999509268777,0.2651406642598659,0.15910554832595333,0.04757260696112713,0.09036724281836525,0.13701809348605448,0.0977830545915153,0.04103776983951447,0.1925717302466355,0.1328017507310428,0.1789879689835605,0.04296431226171757,0.1629589701483907,0.18175766618415587,0.0,-0.007266013236498475,0.14156718134700533,0.1643092760069061,0.07992793486052656,-0.012814019627542647,-0.08386970619273568,0.0710728532148887,790.0
0.18118878295636043,-0.031301782543541365,0.1439608642723611,0.15593278064699484,0.18466673526287183,0.23900248272828087,0.1297561215041184,0.12278739115369668,0.06584069410828124,0.1322279244292613,0.090212706162923,0.22612104354090642,0.07307876510050298,0.1791645969256792,0.29947457796728844,0.27238607052728603,0.16269176507326094,0.054967198283723005,0.09740984601413281,0.1408645743404302,0.10094666313246375,0.0430559608154411,0.19860459613068523,0.13033796563113562,0.18389821877548013,0.05046551876399918,0.16387724464922193,0.18401154002698558,0.0,-0.00042419578561784946,0.14683033083697575,0.17019328433305708,0.08798011921349742,-0.0006510495097204916,-0.07402258058046496,0.07294152508528792,800.0
0.18772140313241706,-0.01872888123411343,0.1466111379500822,0.157747010088436,0.18512966694527186,0.2441400173989553,0.13528108890202892,0.13462601293015333,0.07262285849118563,0.14227420477704486,0.09473871709987429,0.2325281216434453,0.07808533033139856,0.18188055488928903,0.30136938445344125,0.27965334627082866,0.16627860028661254,0.06240393242468098,0.10445023317601568,0.1447451146868501,0.10410309158838839,0.04511001763006594,0.20471419093361365,0.12793693573716466,0.1888382811698409,0.057985730726703676,0.16480917699741426,0.18628273962723493,0.0,0.006453207835431228,0.15216622395077276,0.1760955727408193,0.09608219162064441,0.01158243317943283,-0.06414177263605841,0.07487762076734239,810.0
0.19425427590738395,-0.006104424910104975,0.14926462855749537,0.15958565656960855,0.18557492206038953,0.24931784026013126,0.14083447144763567,0.146521253969239,0.07944814625654308,0.1523495542782809,0.09926451863951587,0.2389380365443364,0.08312971494850217,0.18460716008411687,0.3032609294320346,0.2869199046332246,0.16985340441731533,0.06987604350406111,0.11148083390480999,0.14864925560394113,0.10724968378924915,0.04719445199323075,0.2108806109911778,0.12558601562927804,0.1937913223218138,0.0655183779009336,0.16574236826653904,0.1885567982804982,0.0,0.013366612677290009,0.15755919893947304,0.18200273649650248,0.10422466860970546,0.02388314254063161,-0.054222955274131734,0.07687099425243593,820.0
0.2007843225280203,0.006566603259389416,0.15191659254264814,0.16144521036959256,0.18600072824126054,0.25452846340201024,0.14641313647530205,0.1584655948704329,0.08631153087594827,0.162447741688015,0.10378731368238289,0.24534653049955996,0.0882072002886773,0.18734180376131113,0.30514564197267513,0.2941798912288847,0.17341347071498994,0.07737876734017368,0.11849897792520518,0.15257390423427333,0.11038857716079555,0.04930633718395258,0.21709614581048625,0.12328179834807654,0.19875173775280724,0.0730583946539419,0.16667522508870397,0.19083123796790416,0.0,0.020315046786387986,0.1630031266997988,0.18791159915717645,0.11240215780726535,0.03624501361537437,-0.04426907616458308,0.07891617084461133,830.0
0.2073102887511738,0.019278002624523602,0.15456372295771034,0.16332399133459405,0.1864075072739245,0.25976707560200385,0.1520152617955288,0.1704522195400312,0.09320833060466673,0.1725634880855625,0.10830503211047515,0.25175167010915367,0.0933136167272724,0.1900839422718379,0.30702345272449066,0.30143022264994246,0.1769577939061479,0.08490749296334256,0.12550263889554317,0.15651695452492637,0.11352286065740812,0.051443169384669904,0.22335522403162952,0.12102270446867393,0.20371574801837647,0.08060068321778704,0.1676080802433221,0.1931056833604806,0.0,0.02729728016157617,0.16849343402377373,0.193820687032585,0.12060977976833631,0.04866120257923874,-0.03428464004546983,0.08100850234764104,840.0
0.21382882842287038,0.03202303271916373,0.15720113278756734,0.1652187972871093,0.18679392883592658,0.26502641317325887,0.15763751942487836,0.18247239968733522,0.10013281178288409,0.1826896470999275,0.1128144281860786,0.25814900563077803,0.09844379412466465,0.1928312362212951,0.3088913780738095,0.30866478170811673,0.18048360197424917,0.09245660316231406,0.13248837394998567,0.1604747669628646,0.11665451466287821,0.05360194242469225,0.22965013971980927,0.1188061652693888,0.20867750465659407,0.08813910182518842,0.16853967366181674,0.19537790914722114,0.0,0.034311752391980414,0.17402393204147099,0.19972657398191052,0.12884130110040162,0.06112409603018005,-0.024274121296693364,0.08314260239163596,850.0
0.22033371615662017,0.04479424238350121,0.15982187523246716,0.1671243148751942,0.18715627574538052,0.2702958132951646,0.16327446364972767,0.19451482133658246,0.10707782405997406,0.1928165362105256,0.11731070049096025,0.264530651307037,0.10359121582640762,0.19557884655902716,0.31074245087418095,0.31587335082489254,0.18398573539037746,0.10001913763662701,0.13945085790930242,0.16444158766403336,0.11978391050365089,0.05577895059281411,0.23597021293913364,0.11662820246829296,0.21362839746760773,0.09566619782241455,0.16946655956697992,0.19764314476018885,0.0,0.04135632749941077,0.1795861631149011,0.20562315172866008,0.1370886671726634,0.07362503117230045,-0.014241932758072553,0.08531205212875004,860.0
0.2268158829785939,0.05758323047386325,0.16241710676048224,0.16903321757528994,0.18748861474986775,0.27556133445209857,0.16891851184084725,0.20656551019001468,0.1140347588590395,0.2029318974284585,0.12178752939507113,0.2708853831690002,0.1087480185199087,0.19831952232660188,0.3125659664134401,0.3230417710116927,0.18745675480275376,0.10758673657638207,0.1463828804013694,0.1684096002499306,0.12290976412555764,0.057969789713323144,0.24230184793617598,0.11448356006654538,0.21855719028797155,0.10317320380679777,0.17038323160597377,0.19989419164883,0.0,0.048428081454533596,0.18516941464735998,0.21150167163511174,0.14534196088230883,0.08615407974676412,-0.004192663237474605,0.08750943461881386,870.0
0.23326484928165875,0.070380818426905,0.16497723666539932,0.17093728861454888,0.18778409481594396,0.2808075592790558,0.1745609704365433,0.2186090599417047,0.12099422794807864,0.21302212884101812,0.12623786829049244,0.2772003967466734,0.11390567141985791,0.20104489363086925,0.31434961749871687,0.33015407832831134,0.19088819327273115,0.11515026944556249,0.15327625830180738,0.17237000960068286,0.12602984836863856,0.06016971746176582,0.2486300806943161,0.11236651182482811,0.22345149378520468,0.11065069054119589,0.1712832770681195,0.20212275383319464,0.0,0.05552342057312454,0.19076187465822594,0.21735208795237296,0.153590275764993,0.09870041498916639,0.005868711999906604,0.08972690608778076,880.0
0.2396700208255293,0.08317753226191481,0.16749290616689283,0.17282835079530973,0.18803597357394528,0.286019148217613,0.18019298697760955,0.23062992335322652,0.12794678523364442,0.2230742962806257,0.130654687788788,0.28346285542823885,0.119055650742175,0.20374655440937214,0.31608121939780975,0.33719437561775906,0.19427163386607527,0.12270053547824099,0.16012274122747103,0.17631399697512537,0.12914162738787685,0.06237399494304553,0.25493996200846897,0.11027143317205633,0.2282990587082885,0.11808929053178724,0.17216030591341547,0.2043205404563346,0.0,0.06263835585318829,0.19635168579416337,0.2231642675228203,0.16182262489421897,0.11125293885673514,0.015936938522021604,0.09195670452113092,890.0
0.2460185852961413,0.09596300707984114,0.1699535592966485,0.17469671784452534,0.18823592589905516,0.29117876206678467,0.18580395859804172,0.24261048498345886,0.13488186487406723,0.23307360391500118,0.1350298694878378,0.2896574016567925,0.12418844088029862,0.20641422965202613,0.3177458828231882,0.34414389348385077,0.1975970090903582,0.13022726163794926,0.16691266532491505,0.18023116606678383,0.13224106811990408,0.06457734846463027,0.26121431929355876,0.1081917623214433,0.23308580850214833,0.12547877600926333,0.17300640144093854,0.20647743813876385,0.0,0.06976795545325394,0.20192521943858693,0.22892603188160957,0.1700265882317015,0.12379942539154536,0.02600645877339219,0.09419035064116771,900.0
0.2522766724477559,0.10871754713749757,0.17233468268848479,0.17651809564936213,0.18836013658856665,0.29624486548573825,0.19136719958682064,0.25451189338576635,0.1417770977950338,0.24298496546948029,0.13934379377281156,0.29574412201354155,0.12928383546477062,0.2090202399425881,0.3193023986817359,0.3509548759366403,0.2008376790010006,0.1377087047786091,0.1736219305744051,0.18409581946422318,0.13531250810536086,0.06676888337456392,0.2674138343776609,0.10611212691930424,0.23777815999938837,0.1327980582384156,0.17379918608025527,0.20856603997899426,0.0,0.07690045349692182,0.20745156589678043,0.2346056432614133,0.1781749006434789,0.1363160484084044,0.0360684210866135,0.09641145981163171,910.0
0.25840220518145407,0.12141414439280696,0.1746072862161409,0.17826346229232018,0.18838049783102115,0.3011681041763152,0.19684938566897936,0.26628507939260077,0.14860435627251856,0.2527640324909567,0.14357215684159735,0.301674056912386,0.13431687023539177,0.21153103856890695,0.3207007223843312,0.35756914880641616,0.20396129032072055,0.14511725460441527,0.18022002633932924,0.18787657752784978,0.1383344148641666,0.06893583444950838,0.27349204922437087,0.10401532075326872,0.24233558752819012,0.14002058446752255,0.17451111572491093,0.21055333695977815,0.0,0.08401953354242309,0.21289295409823303,0.2401638045429495,0.1862332293690978,0.14877112409079724,0.04610930685994058,0.0986014516101933,920.0
0.26437156705162124,0.1340308505774917,0.1767559844428966,0.1799174901121536,0.18828413018928541,0.3059215247721202,0.2022308336956898,0.27789815031721155,0.1553450347342879,0.2623832265874298,0.14770079167143826,0.3074203572821504,0.13927165557173884,0.21392906465639233,0.32191582113496137,0.3639550739126122,0.206950871016482,0.15243435224994858,0.18668861734920253,0.1915557670259665,0.14129464098123667,0.07107015451175334,0.27942230015750447,0.10189327847119886,0.24673567329173746,0.14712876399529884,0.17512845137182073,0.21242257298227663,0.0,0.0911125553208677,0.21822669248933138,0.24557844518256242,0.19417933467011883,0.161140311984681,0.056115545136035484,0.10074901282750931,930.0
0.2701665806275171,0.1465473747507567,0.1787696904341736,0.18146886834528528,0.18806266154874612,0.3104848147480777,0.20749579852280833,0.2893244806364165,0.16198347265333377,0.27182005148406674,0.15171866662560524,0.31296274407959307,0.14413511805828294,0.21620138203101194,0.3229302411765932,0.3700890220615107,0.20979408539137287,0.15964427680789242,0.19301311491231407,0.19511976099437342,0.14418365425829216,0.07316523023316128,0.28518378003545863,0.09974055530699867,0.2509615729396507,0.15410800529125818,0.17564153436097804,0.2141616971870436,0.0,0.09816772522009147,0.22343526566857275,0.25083257999360326,0.20199469045794477,0.17340158454941368,0.06607366505597685,0.10284502863903965,940.0
0.27577015406669536,0.15894348591180582,0.18063857557633348,0.1829071837779371,0.18770884554320277,0.31483912371019546,0.21262919679704914,0.3005384707286166,0.16850459768772508,0.2810530039254995,0.15561549841434522,0.31828236537544774,0.1488948175898841,0.2183359997576047,0.3237284166993323,0.3759492555182403,0.2124797156145198,0.16673187818444432,0.1991797430568403,0.19855578019800912,0.14699220583891592,0.07521474375978146,0.29075691140119464,0.09755236377858645,0.25499786836402655,0.16094452452679128,0.17604168779589255,0.21575930480154323,0.0,0.10517292796266224,0.22850217958775282,0.25591025554234953,0.2096615077086346,0.18553312934262584,0.07596992948674677,0.10488091243125161,950.0
0.28116854823887194,0.17120043806471474,0.18235550371592943,0.18422439172057942,0.18721804178904883,0.31896961927732337,0.2176183730598727,0.3115180744644259,0.17489534347084287,0.29006392268159625,0.15938302882308986,0.323364390150209,0.15354018485889606,0.2203236383538865,0.32429924406414656,0.3815189773949723,0.21499937721770648,0.17368398764085646,0.2051771937436533,0.20185351464282753,0.1497125573290719,0.07721329594228947,0.29612573053717245,0.09532532031696246,0.25883262759170117,0.16762669086741705,0.17632261815586403,0.21720682283530515,0.0,0.11211668192804447,0.23341367575414312,0.26079865065409574,0.21716449306032623,0.19751498373378995,0.0857910709334822,0.10684946192415652,960.0
0.28635013333023895,0.18330053718863257,0.18391512065680174,0.1854139177122201,0.18658722786525903,0.3228639966135838,0.22245213138825298,0.32224358907685835,0.18114397551849432,0.29883682020211233,0.16301432813129518,0.32819652698534113,0.15806189092830727,0.22215667776684841,0.32463442441957524,0.3867845543608581,0.2173464947374994,0.18048876863881447,0.2109957791693267,0.20500420673773642,0.15233784295199662,0.07915608133273691,0.301276563574067,0.09305687706120425,0.26245618796708226,0.17414437515633044,0.1764795168261432,0.21849744585979633,0.0,0.11898785657513344,0.23815771812771275,0.2654869167030121,0.2244899969264606,0.20932845905880215,0.09552421207870646,0.10874437669533928,970.0
0.29130575787552504,0.19522750550964976,0.1853140162229892,0.1864708618174288,0.18581516621113228,0.32651285710189354,0.22712091399335382,0.3326981257064792,0.18724035581754486,0.3073583045524173,0.16650399360684587,0.33276941834508217,0.16245205957675363,0.22382941738247933,0.324728777428513,0.39173595641969533,0.21951653888691897,0.18713598626140487,0.2166277138006391,0.2080009042120981,0.15486230082915503,0.08103899539563954,0.3061984069955011,0.09074538603184379,0.26586143923610384,0.1804891789914401,0.17650923532285617,0.21962637235844384,0.0,0.12577594469662987,0.2427243116364642,0.2699665158023117,0.23162633635277577,0.2209565294878301,0.10515711102024769,0.11056038897618264,980.0
0.2960292846456151,0.2069670092918456,0.18655097597476064,0.18739229735468318,0.18490265228026825,0.3299102619235954,0.2316174407945039,0.34286829737092966,0.19317633096470616,0.3156181957703518,0.16984844471618585,0.3370772178534873,0.16670458065797075,0.22533845309410297,0.32458070500171043,0.3963674065237485,0.22150737724667177,0.1936174026596961,0.22206752939232782,0.21083882914474902,0.15728159661844401,0.08285879114524332,0.3108834813698107,0.0883901934714454,0.2690442474470577,0.1866548830785771,0.17641054283194135,0.22059115046165598,0.0,0.13247144085773974,0.2471059634018299,0.2742317129051531,0.23856426857828963,0.2323843948231167,0.11467851432269166,0.11229345643139446,990.0
0.30051848157487476,0.21850788100010424,0.18762743499325868,0.18817777275022654,0.18385295942016,0.3330546612234927,0.23593744751906595,0.35274536772792675,0.1989463822339533,0.32361055469183375,0.1730464275151805,0.3411185600092059,0.17081563970553734,0.22668330356051025,0.32419298538983404,0.400678485174472,0.2233198724341461,0.1999274401076138,0.22731277500674088,0.21351599469290664,0.15959325383885006,0.08461334067817013,0.3153281549182196,0.08599180118738697,0.27200418723511577,0.19263808306864377,0.17618456369854318,0.22139226054144104,0.0,0.13906643115107886,0.25129844590040046,0.27828039571109925,0.2452977840277835,0.24360047492594317,0.12407873029434664,0.11394108870746913,1000.0
0.3047718749794514,0.2298398486129044,0.18854540434663297,0.18882727843366934,0.1826699370442573,0.33594534221779454,0.24007726470320784,0.3623216772685397,0.20454561311619032,0.33133037531376386,0.17609719616523287,0.34489294320749186,0.17478195829696458,0.22786398851235978,0.3235691922790575,0.40466984527379335,0.2249554738507342,0.20606116982618572,0.23236166907990125,0.21603085044116885,0.1617950469069548,0.08630076194119828,0.31952962963459736,0.08355086040178406,0.27474161541539327,0.19843656700010953,0.1758328375062049,0.2220307142514547,0.0,0.14555333121807654,0.2552981858781054,0.2821110291246092,0.25182161514066614,0.254594272086835,0.13334856237451184,0.11550114315952882,1010.0
0.3087927550204627,0.2409564372079521,0.1893098909349196,0.18934372217864517,0.18136026327264096,0.3385868803535172,0.24403712684019932,0.37159539868575625,0.20997243151258577,0.33877793376220977,0.179002804897732,0.3484052478354623,0.17860307764793215,0.22888408603509655,0.3227178113940544,0.4083484897143437,0.22641914735987873,0.21201701101389828,0.23721613511120362,0.2183845292363403,0.1638872270346654,0.08792055175140527,0.32349013630023804,0.08106926590952651,0.2772612365955473,0.20405136316418446,0.17535961418131135,0.222510959424919,0.0,0.15192686455526533,0.25910562750541183,0.28572647616134933,0.25813453942952774,0.26535947004569493,0.14248141555303112,0.11697333316543788,1020.0
0.31264808746164885,0.2519031871848427,0.18996494991098148,0.18976868604729327,0.17996698946943082,0.34105354303759494,0.24786798259142603,0.38064284331834636,0.21526940796644076,0.3460243970935563,0.181802514713898,0.35173235707339456,0.18231612523647395,0.22979399806927434,0.32171275551448636,0.41180558129136474,0.22776235623597818,0.21783821996896036,0.24192763660729855,0.2206232230768729,0.1659039116546667,0.0894906146271374,0.3272788266926208,0.0785648268167215,0.27962498012900916,0.2095265069888014,0.1748047553893751,0.22288292580027785,0.0,0.15821429571905044,0.2627751101078334,0.2891887296163115,0.264289575810238,0.2759465810449996,0.1515024404950435,0.11838162929690581,1030.0
0.31640434021028574,0.26273275857679984,0.19055311197999694,0.19014229543755967,0.17852922559713646,0.3434182751733331,0.25162140646543085,0.3895444180505518,0.2204822282363162,0.3531432149327329,0.1845353288765332,0.35494906863159126,0.18596019452734766,0.23064213027101726,0.32062333342984267,0.4151298791477973,0.22903439200636314,0.22357127560902734,0.24654811925828096,0.22279369547492087,0.16787861760533204,0.0910298444244288,0.33096480214500223,0.07605387706698648,0.2818938354136562,0.21490814378573514,0.17420564053320586,0.22319413987854517,0.0,0.16444626168645052,0.2663615697867314,0.2925591442449359,0.2703429842569108,0.28641314536556794,0.16044286998518165,0.1197511328665912,1040.0
0.3200651148669376,0.27345044278372493,0.19107827287161297,0.19046614100197906,0.1770486482517311,0.3456848656801202,0.2552997657201288,0.3983065123065107,0.22561468273732882,0.3601398531064817,0.18720450748512463,0.35805969137223814,0.1895384697968104,0.23143025989259725,0.31945264940047663,0.41832714091842627,0.23023833220476034,0.22922027435051104,0.25108181978579514,0.22489843158475326,0.16981187343562726,0.09253945341588231,0.33455178266959135,0.07353598626307249,0.28407241674198513,0.2202015766577824,0.1735637250684074,0.2234466601714733,0.0,0.17062358922781956,0.2698678176749128,0.295841123869557,0.2762993074556986,0.2967643602306552,0.16930640520649798,0.12108342196184538,1050.0
0.3236325024059036,0.2840599652004014,0.19154340185353572,0.19074105341479444,0.17552619831294414,0.3478554396889801,0.2589042224615607,0.40693345768696326,0.23066938499975756,0.36701795169374835,0.18981237365629414,0.36106685819819206,0.19305316485673785,0.23215915029497594,0.31820244283264654,0.4214011506804614,0.23137618538199883,0.2347880965782417,0.25553169404826115,0.2269388686065378,0.17170348647284378,0.09402019861967902,0.3380419175958406,0.07101050902774413,0.2861639712204718,0.22541089302334355,0.17287973000861767,0.22364156677845973,0.0,0.17674624274883058,0.27329538945763454,0.29903667556684194,0.28216165875422927,0.3070037769740528,0.178095705217471,0.12237949605918896,1060.0
0.32710817285397276,0.2945643326299085,0.19195120797376566,0.19096769804961666,0.17396272158229992,0.3499317358832749,0.26243559539536315,0.41542883679275355,0.23564851113987692,0.3737805187384646,0.19236093979349123,0.3639727553101763,0.1965061521661259,0.232829359629687,0.3168742272941368,0.42435515870589474,0.23244968960989928,0.24027715302648225,0.2599002525570752,0.22891616650732516,0.17355304615804035,0.09547269198743448,0.34143692704058926,0.06847687274536879,0.2881713555692899,0.230539681196943,0.17215426152683969,0.22377974703144632,0.0,0.18281385266733768,0.2766454598780602,0.30214741791241556,0.28793263141306547,0.3171342348468162,0.18681288742207902,0.1236401886298599,1070.0
0.3304937887863336,0.30496623426395564,0.192304380934057,0.19114680952715457,0.17235917696648104,0.35191554297356353,0.2658946930346261,0.4237960254832868,0.2405541084164135,0.3804304146992827,0.19485215480771034,0.3667795797626007,0.1998992179124241,0.2334415275499885,0.31546967418856414,0.4271924147829088,0.23346060270721605,0.24568970124586276,0.2641898971997957,0.23083149581217732,0.17535989298241433,0.09689752299437573,0.344738532548791,0.06593465096691879,0.2900973997348814,0.2355913361399501,0.17138801927845765,0.22386216995509098,0.0,0.18882595792941773,0.2799191932778612,0.305174962783325,0.29361467443016187,0.32715828766835675,0.19545978944134848,0.12486632374832515,1080.0
0.3338150127356121,0.31529079819856665,0.19261943633997192,0.19129292960109173,0.17072888073132525,0.3538341300673418,0.26930168628545254,0.43206931465361587,0.24540577408409686,0.38699821811691154,0.19730210402795847,0.36951610649654243,0.2032486974078634,0.2340131838020052,0.3140131480856907,0.4299470790400296,0.23442755064371076,0.2510459357697342,0.2684222477945596,0.23270276859607691,0.1771361597145683,0.09830233349317866,0.3479734802078329,0.06338808496799511,0.2919659009156455,0.2405864007996885,0.17059403836757298,0.22390596536826254,0.0,0.19479605024397723,0.2831381092778647,0.30814307589883977,0.2992316456082717,0.3371025213300572,0.20405271748740364,0.1260677832043268,1090.0
0.3401035775904558,0.33554913683167586,0.19305217334463276,0.19139603830023308,0.16731165682751292,0.3573079944476488,0.2758263416137338,0.4481248162454642,0.2548286756340758,0.3997006962472622,0.20198641250113733,0.3746033572689784,0.20972009384409457,0.23492296963841258,0.3108008435119841,0.43500866963829526,0.2361213262887383,0.26146814028003246,0.27658770793864196,0.23620187930594008,0.18050530125499342,0.1010042887761217,0.3540761992361282,0.05825347147259086,0.2953970549369521,0.25029578916567374,0.16884413250474095,0.22377280339174466,0.0,0.20650401393001466,0.2892735188826869,0.3137531338503351,0.3101260037006147,0.3565822148060315,0.22097121015120533,0.12833687547411726,1100.0
